Borough	Park Name	Park Location	Total Acres
Brooklyn	AMERICAN PLAYGROUND	NOBLE, FRANKLIN, MILTON STS	0.896
Brooklyn	MIDDLETON PLAYGROUND	LYNCH, MIDDLETON STS, LEE AVE	1.101
Brooklyn	COOPER PARK	SHARON, OLIVE STS, MASPETH & MORGAN AVES	6.401
Brooklyn	GREENPOINT PLAYGROUND	COMMERCIAL, FRANKLIN, DUPONT STS	0.504
Brooklyn	STERNBERG PARK	MONTROSE AVE, BOERUM, LORIMER, LEONARD STS	4.044
Brooklyn	MCCARREN PARK	NASSAU AVE, BAYARD, LEONARD & N 12 STS	35.713
Brooklyn	RAMIREZ PLAYGROUND	MCKIBBIN ST, WHITE ST, BOGART ST, SEIGEL ST	1.046
Brooklyn	SGT WILLIAM DOUGHERTY PLGD	ANTHONY ST, VANDERVOORT AVE, CHERRY ST	0.76
Brooklyn	WILLIAMSBURG BRIDGE PLGD	WYTHE AVE TO BERRY ST, S 5 TO S 6 STS	0.975
Brooklyn	MONSIGNOR MCGOLRICK PARK	DRIGGS TO NASSAU AVES, RUSSELL TO MONITOR STS	9.134
Brooklyn	WILLIAM SHERIDAN PLAYGROUND	WYTHE AVE TO BERRY ST, GRAND TO S 1 STS	0.788
Brooklyn	MARTINEZ PLAYGROUND	SCHOLES ST & MANHATTAN TO GRAHAM AVES	2
Brooklyn	NEWTOWN BARGE TERMINAL PLGD	COMMERCIAL, DUPONT & WEST STS	1.198
Brooklyn	BEDFORD PLAYGROUND	BEDFORD AVE & S 9 ST, DIVISION AVE	0.881
Brooklyn	LA GUARDIA PLAYGROUND WEST	HAVEMEYER TO ROEBLING STS, S 4 TO S 5 STS	1.884
Brooklyn	CONTINENTAL ARMY PLAZA	ROEBLING, S 4 & S 5 STS	0.76
Brooklyn	CLASSON PLGD	FLUSHING AVE, WILLIAMSBURG PL, CLASSON & KENT AVES	3.15
Brooklyn	CAMPIZ PLAYGROUND	HOPE ST, MARCY, METROPOLITAN AVES	0.752
Brooklyn	MACRI SQUARE	METROPOLITAN, UNION, MEEKER AVES	0.57
Brooklyn	LENTOL GARDEN	GRAHAM AV,MCGUINESS BLVD S, BAYARD & MEEKER STS	0.762
Brooklyn	FROST PLGD	FROST ST, KINGSLAND & MORGAN AVES	0.739
Brooklyn	ROEBLING PLGD	WILSON & LEE AVES, TAYLOR ST, BEDFORD AVE	1.227
Brooklyn	BARTLETT PLGD	BARTLETT ST & THROOP AVE	0.918
Brooklyn	BUSHWICK PLGD & POOL	FLUSHING AVE, BUSHWICK AVE & HUMBOLDT ST	1.29
Brooklyn	TEN EYCK PLGD	BUSHWICK AVE, SCHOLES & MESEROLE STS	0.972
Brooklyn	ERICSSON PLGD	MANHATTAN AVE & LEONARD ST	1.15
Brooklyn	DE HOSTOS PLGD	HARRISON AVE, WALTON TO LORIMER STS, THROOP AVE	1.1
Brooklyn	ROBERTO CLEMENTE BALLFIELD	DIVISION AVE BET WYTHE AND KENT AVES	1.239
Brooklyn	JACOBS LADDER	CLYMER ST BET WYTHE AND KENT AVES	0.848
Brooklyn	WNYC TRANSMITTER SITE	WEST AND KENT STREETS, GREENPOINT AVENUE	1.6
Brooklyn	GRAND FERRY PARK	GRAND ST BET RIVER ST & EAST RIVER	1.8
Brooklyn	EPIPHANY PLGD	BERRY ST, SOUTH 9TH ST, SOUTH 10TH ST	0.5
Brooklyn	COM JOHN BARRY PARK & PLGD	PARK AVE, NAVY ST, FLUSHING AVE, N ELIOT PL	10.391
Brooklyn	CUYLER GORE	FULTON, CUMBERLAND STS, GREENE AVE	1.158
Brooklyn	FORT GREENE PARK	MYRTLE AVE, CUMBERLAND ST, DEKALB AVE	30.168
Brooklyn	MCLAUGHLIN PARK	TILLARY ST, JAY ST, CATHEDRAL PL, BRIDGE ST	1.976
Brooklyn	CRISPUS ATTUCKS PLAYGROUND	CLASSON AVE, FULTON ST, IRVING PL	0.934
Brooklyn	S PARKES CADMAN PLAZA	TILLARY, C PLAZA W, C PLAZA E, PROSPECT STS	10.384
Brooklyn	COLUMBUS PARK	C PLAZA W, TILLARY, C PLAZA E, JOHNSON STS	1.195
Brooklyn	COLUMBUS PARK	ADAMS, JOHNSON, FULTON, JORALEMON STS	4.14
Brooklyn	PARK STRIP	PROSPECT, ADAMS, WASHINGTON & SANDS STS	2.878
Brooklyn	WALT WHITMAN PARK	CADMAN PLAZA EAST, ADAMS STS, RED CROSS P	2.913
Brooklyn	SIXTEEN SYCAMORES PLAYGROUND	SCHERMERHORN ST, 3 AVE, NEVINS ST	0.567
Brooklyn	WASHINGTON HALL PLGD	PARK, WASHINGTON AVES TO HALL ST	0.901
Brooklyn	STEUBEN PLGD	FLUSHING, CLASSON, PARK AVES & STEUBEN ST	1.171
Brooklyn	PIERREPONT PLGD	FURMAN ST, PIERREPONT PL, MONTAGUE, PIERREPONT STS	0.535
Brooklyn	PALMETTO PLAYGROUND	ATLANTIC AVE, FURMAN, COLUMBIA, STATE STS	2.967
Brooklyn	FRUIT STREET SITTING AREA	ORANGE, CRANBERRY, FURMAN STS, COLUMBIA HEIGHTS	0.92
Brooklyn	SQUIBB PARK	COLUMBIA HEIGHTS TO FURMAN ST AT MIDDAGH ST	0.595
Brooklyn	HILLSIDE PARK	COLUMBIA HGTS & VINE ST	2.06
Brooklyn	BROOKLYN ANCHORAGE PLAZA	FULTON, YORK, WASHINGTON & PRSOPECT STS	2.9
Brooklyn	CLUMBER CORNER	WASHINGTON, YORK, ADAMS, PROSPECT STS	1.46
Brooklyn	BAR AND GRILL PARK	ADAMS, YORK & PEARL STS	0.821
Brooklyn	BRIDGE PARK 2	JAY, YORK, TALMAN, PROSPECT, BRIDGE STS	2.117
Brooklyn	BRIDGE PARK 3	E/S JAY ST, PROSPECT, SANDS & BRIDGE STS	1.934
Brooklyn	TRINITY PARK	SANDS, GOLD, NASSAU STS	6.3
Brooklyn	GRASS STRIP	REMSEN TO ORANGE STREETS	1.002
Brooklyn	GOLCONDA PLAYGROUND	E/S GOLD ST, NASSAU TO CONCORD STS	2.114
Brooklyn	ALBERT J. PARHAM PLAYGROUND	ADELPHI ST TO CLERMONT AVE, BTWN DEKALB AVE. AND WILLOUGHBY AVE.	1.253
Brooklyn	BROOKLYN ACADEMY OF MUSIC	LAFAYETTE AVE, ST FELIX ST, ASHLAND PL	0.894
Brooklyn	UNDERWOOD PARK	LAFAYETTE & WASHINGTON AVES	1.187
Brooklyn	PRATT PLAYGROUND	WILLOUGHBY AVE, EMERSON PL	0.918
Brooklyn	CLASSON PLGD	LAFAYETTE & CLASSON AVES	1.336
Brooklyn	OXPORT PLGD	FLUSHING AVE, N PORTLAND AVE & N OXFORD ST	1.033
Brooklyn	ORACLE PLAYGROUND	ADELPHI & MYRTLE AVES	0.682
Brooklyn	GREENE PLGD	GREENE AVE BET WAVERLY & WASHINGTON AVES	1.259
Brooklyn	EDMONDS PLGD	DEKALB AVE, ADELPHI ST & CARLTON AVE	0.917
Brooklyn	UNIVERSITY PLAZA	FLATBUSH AVE EXT, BET WILLOUGHBY ST & DEKALB AVE	1.161
Brooklyn	SOUTH OXFORD TENNIS CLUB	SOUTH OXFORD ST, CUMBERLAND ST, ATLANTIC AVE	0.632
Brooklyn	FULTON PARK	FULTON, CHAUNCEY STS, STUYVESANT, LEWIS AVES	1.987
Brooklyn	SARATOGA SQUARE PARK	MACON ST, HOWARD AVE, HALSEY ST, SARATOGA AVE	3.214
Brooklyn	HERBERT VON KING PARK	GREENE, MARCY, LAFAYETTE, TOMPKINS AVES	7.819
Brooklyn	TAAFFE PLGD	PARK TO MYRTLE AVES & TAAFFE PL	1.821
Brooklyn	BANNEKER PLGD	MARCY AVE, KOSCIUSKO ST, LAFAYETTE AVE	1.67
Brooklyn	DECATUR PLGD	DECATUR,MACDONOUGH STS, BET SUMNER & LEWIS AVES	1.5
Brooklyn	PS 44 ISRAEL PUTNAM PLGD	SUMNER AVE, MADISON TO MONROE STS	1.795
Brooklyn	MARCY PLAYGROUND	MYRTLE, NOSTRAND, MARCY AVES	3.201
Brooklyn	POLICE OFFICER REINALDO SALGADO PLGD	MONROE TO MADISON STS, PATCHEN & RALPH AVES	1.965
Brooklyn	ST ANDREWS PLAYGROUND	ATLANTIC AVE, HERKIMER ST, KINGSTON AVE	3.38
Brooklyn	HANCOCK PLGD	BEDFORD AVE, HANCOCK ST, JEFFERSON AVE	1.547
Brooklyn	BREVOORT PLAYGROUND	W/S RALPH AVE BET SUMPTER & CHAUNCEY STS	1.818
Brooklyn	POTOMAC PLGD	TOMPKINS AVE, HALSEY & MACON STS	1.315
Brooklyn	PS 59 SUMNER PLGD	SUMNER, THROOP, PARK & MYRTLE AVES	1.336
Brooklyn	STAR SPANGLED BANNER PLGD	FRANKLIN AVE BET WILLOUGHBY & DEKALB AVES	1.102
Brooklyn	JESSE OWENS PLGD	STUYVESANT & LAFAYETTE AVES	3.083
Brooklyn	JACKIE ROBINSON PARK	MALCOLM X BLVD BTWN CHAUNCEY AND MARION STS	1.607
Brooklyn	STOCKTON PLGD	PARK AVE, FLOYD ST, E/O MARCY AVE	1.089
Brooklyn	CHARLIE'S PLACE	HOPKINS TO ELLERY STS, TOMKINS TO THROOP AVES	1.26
Brooklyn	EL SHABAZZ PLAYGROUND	MALCOLM X AVE, MACON & MACDONOUGH STS	0.89
Brooklyn	LAFAYETTE GARDENS PLAYGROUND	LAFAYETTE & FRANKLIN AVES	0.705
Brooklyn	PULASKI PLGD	HART ST BETWEEN THROOP AND MARCUS GARVEY AVES	1.416
Brooklyn	HATTIE CARTHAN PLGD	MONROE ST, TOMPKINS AVE, MADISON ST & MARCY AVE	0.982
Brooklyn	CARVER PLGD	RALPH AVE, SUMPTER ST, HOWARD AVE, MARION ST	0.964
Brooklyn	WILLOUGHBY PLGD	TOMPKINS, WILLOUGHBY, VERNON AVES	0.907
Brooklyn	ELEANOR ROOSEVELT PLGD	LEWIS, DEKALB & STUYVESANT AVES, KOSCIUSKO ST	1.211
Brooklyn	MAGNOLIA TREE EARTH CENTER	LAFAYETTE, MARCY AVENUES, CLIFTON PLACE	0.809
Brooklyn	HARMONY PARK	TROY AVE, ATLANTIC AVE & SCHENECTADY AVE	1.56
Brooklyn	MARIA HERNANDEZ PARK	KNICKERBOCKER TO IRVING AVES, STARR TO SUYDAM STS	6.873
Brooklyn	BUSHWICK PLAYGROUND	KNICKERBOCKER, PUTNAM AVES, WOODBINE ST	2.783
Brooklyn	IRVING SQUARE PARK	KNICKERBOCKER, WILSON AVES, WEIRFIELD, HALSEY STS	2.76
Brooklyn	RUDD PLAYGROUND	BUSHWICK AVE, ABERDEEN ST, GRANITE ST	1.278
Brooklyn	HECKSCHER PLAYGROUND	GROVE TO LINDEN STS, CENTRAL TO WILSON AVES	1.24
Brooklyn	TIGER PLGD	EVERGREEN AVE, ELDERT & COVERT STS	0.926
Brooklyn	EVERGREEN PLGD	EVERGREEN AVE & DECATUR, SCHAEFER STS	0.87
Brooklyn	FERMI PLGD	TROUTMAN ST & CENTRAL AVE, STARR ST & WILSON AVE	1.061
Brooklyn	GARDEN PLGD	FLUSHING AVE & BEAVER ST, GARDEN ST	1.092
Brooklyn	BOYLAND PARK	BROADWAY, FURMAN, GRANITE & ABERDEEN STS	1.82
Brooklyn	BUSHWICK GREEN	FLUSHING AVE, CENTRAL AVE, NOLL ST, EVERGREEN AVE	2.595
Brooklyn	HIGHLAND PARK	INTERBOROUGH PKWY, JAMAICA AVE, BULVER PLACE	43.69
Brooklyn	DR MARTIN LUTHER KING JR PARK	DUMONT, BLAKE, MILLER AVES, BRADFORD ST	2.29
Brooklyn	GRACE PLAYGROUND	BELMONT & PITKINS AVES, VERMONT & NEW JERSEY STS	2.744
Brooklyn	CYPRESS HILLS PARK	BLAKE & EUCLID AVES	4.947
Brooklyn	LIONS' PRIDE PLGD	RIVERDALE, VAN SINDEREN, LIVONIA, SNEDIKER AVES	0.865
Brooklyn	CITY LINE PARK	ATLANTIC & FOUNTAIN AVES	3.552
Brooklyn	ELTON PLGD	ELTON ST, BET NEW LOTS & HEGEMAN AVES	0.622
Brooklyn	LINWOOD PLGD	LINWOOD ST, NEW LOTS & HEGEMAN AVES	0.705
Brooklyn	SPERANDEO BROTHERS PLGD	ATLANTIC AVE, ELTON TO LINWOOD STS	2.39
Brooklyn	SPRING CREEK PARK	SPRING CREEK TO FRESH CREEK BASINS, JAMAICA BAY	62.218
Brooklyn	JHS 166, LINDEN PLAYGROUND	LINDEN BLVD & STANLEY AVE, VERMONT TO WYONA STS	9.322
Brooklyn	JEROME PLGD	WORTMAN AVE & WARWICK ST	1.086
Brooklyn	SCHENK PLGD	LIVONIA AVE, BARBEY ST & SCHENCK AVE	0.847
Brooklyn	BELMONT PLGD	PITKIN AVE, DREW ST, BELMONT, N CONDUIT AVES	1.045
Brooklyn	PINK PLGD	STANLEY AVE & ELDERT LANE	1
Brooklyn	WOODRUFF PLGD	STANLEY AVE, AUTUMN AVE, & HEMLOCK ST	1.177
Brooklyn	ETHAN ALLEN PLGD	WORTMAN AVE & VERMONT ST, NEW JERSEY AVE	0.8
Brooklyn	PARK	SHORE PKWY & SEAVIEW AVE, SCHENK AVE	30.5
Brooklyn	ROBERT VENABLE PARK	BELMONT, SUTTER, SHERIDAN & GRANT AVES	4.29
Brooklyn	SUCCESS GARDEN	ALABAMA AVENUE & LIVONIA AVE	0.69
Brooklyn	GEORGE WALKER JR PARK	WYONA ST, VERMONT ST, FULTON ST, JAMAICA AVE, ARLN	0.591
Brooklyn	SUTTER AVE BALLFIELD	SUTTER AVE, BELMONT AVE, SCHENCK AVE, BARBEY ST	1.836
Brooklyn	CARROLL PARK	SMITH, COURT & CARROLL STS	1.874
Brooklyn	VAN VOORHEES PARK	CONGRESS, COLUMBIA, PACIFIC, HICKS STS	5.25
Brooklyn	RED HOOK PARK (COFFEY PLGD)	KING, RICHARDS, VERONA, DWIGHT, PIONEER STS	8.106
Brooklyn	ENNIS PARK	11 TO 12 STS, 2 TO 3 AVES	0.554
Brooklyn	J J BYRNE MEM PARK	3 TO 4 STS, 4 TO 5 AVES	3.03
Brooklyn	TERRAPIN PLGD (JHS 51)	3 TO 4 STS, 4 TO 5 AVES	1.498
Brooklyn	UNDER THE TRACKS PLAYGROUND	9 TO 10 STS, 2 TO 3 AVE	1.757
Brooklyn	RED HOOK RECREATION AREA	OTSEGO, BAY, HICKS, LORRAINE, COURT, HALLECK STS	58.503
Brooklyn	THOMAS GREENE PLAYGROUND	3 AVE, NEVINS, DEGRAW & DOUGLAS STS	2.525
Brooklyn	HAROLD ICKES PLGD	HAMILTON AVE, VAN BRUNT & SUMMIT STS	1.816
Brooklyn	DIMATTINA PLGD	RAPELYE, HICKS, COLES ST	1.38
Brooklyn	DIMATTINA PLGD	RAPELYE TO WOODHULL, HICKS STS	0.52
Brooklyn	GOWANUS PLAYGROUND	HOYT, WYCKOFF, BOND STS	1.042
Brooklyn	PARK SLOPE PLGD	BERKELEY PL, LINCOLN PL, 5 & 6 AVES	0.955
Brooklyn	COBBLE HILL PARK	CONGRESS & CLINTON STS, VERANDAH PL	0.585
Brooklyn	BOERUM PARK	WARREN, SMITH, HOYT & BALTIC STS	0.918
Brooklyn	LOUIS J VALENTINO JR PARK AND PIER	VAN DYKE STREET, FERRIS STREET, COFFEY STREET	2.22
Brooklyn	SUNSET PARK	41 TO 44 STS, 5 TO 7 AVES	24.498
Brooklyn	MARTIN LUTHER PLGD	55 TO 56 STS, 2 AVE	0.913
Brooklyn	GREENWOOD PLAYGROUND	FT HAMILTON PKWY, PROSPECT AVE, GREENWOOD AVE	3.192
Brooklyn	JOHN ALLEN PAYNE PARK	64 TO 65 STS, 3 AVE	1.51
Brooklyn	D'EMIC  PLAYGROUND	34 TO 35 STS & 3 AVE	1.13
Brooklyn	BACKHOE GULCH	HAMILTON AVE, 18TH ST TO 3RD AVE	1.08
Brooklyn	THIRD AVE PLGD	40 & 41 STS, 3 AVE	1.236
Brooklyn	PS 1 PLAYGROUND	46 & 47 STS, 3 AVE	1.552
Brooklyn	PROSPECT EXPRESSWAY PARKS	PARKSIDE TO 3 AVES	8.209
Brooklyn	PLAYGROUND	S/S EXWY, 5 & 6 AVES, 17 ST	0.711
Brooklyn	SITTING AREA	S/S EXWY, 6 & 7 AVES	0.736
Brooklyn	DETECTIVE JOSEPH MAYROSE PARK	N/S EXWY, 6 & 7 AVES, CALDER PL	1.314
Brooklyn	PARK STRIP	E/S EXWY, SEELEY ST TO GREENWOOD AVE	0.93
Brooklyn	SLOPE PARK	6 AVE BET 18 & 19 STS	0.689
Brooklyn	BROWER PARK	BROOKLYN, ST MARKS, KINGSTON AVES, PARK PL	7.047
Brooklyn	EASTERN PARKWAY	GRAND ARMY PLAZA TO RALPH AVE	60.12
Brooklyn	LINCOLN TER/ ARTHUR S. SOMERS	E NEW YORK,ROCHESTER AVES,EASTERN PKWY,BUFFALO AVE	20.648
Brooklyn	MT PROSPECT PARK	EASTERN PKWY BETWEEN  WASHINGTON AVE & FLATBUSH AVE	7.79
Brooklyn	UNDERHILL PLGD	UNDERHILL AVE & PROSPECT PL	0.59
Brooklyn	DEAN PLGD	DEAN TO BERGEN STS BET 6 & CARLTON AVES	1.3
Brooklyn	STROUD PLGD	CLASSON AVE, STERLING PL & PARK PL	1.33
Brooklyn	WOODS PLGD	BERGEN ST & UTICA AVE, ROCHESTER & ST MARKS AVE	1
Brooklyn	BROOKLYN BOTANICAL GARDEN	EASTERN PKWY,FLATBUSH,WASHINGTON AVES,EMPIRE BLVD	47.57
Brooklyn	DR RONALD MCNAIR PARK	EASTERN PKWY, WASHINGTON TO CLASSON AVES	1.361
Brooklyn	INST ARTS/SCIENCE (BKLYN MUS)	EASTERN PKWY & WASHINGTON AVE	12.66
Brooklyn	DODGER PLGD	SULLIVAN PL W/O NOSTRAND AVE	2.93
Brooklyn	HAMILTON-METZ FIELD	ALBANY, EAST NEW YORK, LEFFERTS AVES	2.112
Brooklyn	WINGATE PARK	S E CORNER BROOKLYN AVE & RUTLAND RD	5.888
Brooklyn	PARKSIDE PLGD	PARKSIDE AVE, ROGERS AVE, BEDFORD AVE	1.407
Brooklyn	MARC'S & JASON'S PLGD	STERLING ST, EMPIRE BLVD & NEW YORK AVE	1.152
Brooklyn	JACKIE ROBINSON PLGD	SULLIVAN PL, FRANKLIN AVE, MONTGOMERY ST	1
Brooklyn	DYKER BEACH PARK	SHORE PKWY, 86 ST, 7 TO 14 AVES	216.655
Brooklyn	JOHN PAUL JONES PARK	SHORE PKWY, FT HAMILTON PKWY, 101 ST	5.15
Brooklyn	LEIF ERICSON PARK & SQUARE	FT HAMILTON PKWY, 66-67 STS, 4 AVE	16.8
Brooklyn	MCKINLEY PARK	FT HAMILTON PKWY, 73 TO 78 STS, 7 AVE	8.475
Brooklyn	OWLS HEAD PARK	SHORE PKWY, SHORE RD, COLONIAL RD, 68 ST	27.1
Brooklyn	SHORE ROAD PARK	OWLS HEAD PK TO FT HAMILTON PKWY NARROWS AVE	58
Brooklyn	DUSTBOWL	66 TO 67 STS, 8 AVE	1.65
Brooklyn	RUSSELL PEDERSON PLAYGROUND	COLONIAL RD, 83 TO 85 STS	1.426
Brooklyn	FT HAMILTON ATHLETIC FIELD	83-85 STS, W/O PEDERSEN PLAYGROUND	7.309
Brooklyn	PARK STRIP	W/S GOWANUS PKWY, 92 ST	0.586
Brooklyn	PARK STRIP	E/S GOWANUS PKWY, DAHLGREEN PL S/O 92 ST	0.586
Brooklyn	DYKER HEIGHTS PLGD	80 TO 81 STS, 11 TO 12 AVES	1.18
Brooklyn	BENSONHURST PARK	GRAVESEND BAY, 21 & CROPSEY AVES, BAY PKWY	17.5
Brooklyn	LT. PETROSINO PLAYGROUND.	NEW UTRECHT TO 16 AVES, 70 TO 71 STS	0.871
Brooklyn	BEALIN SQ & SETH LOW PLGD	AVE P, BAY PKWY, W 12 ST	4.945
Brooklyn	BATH BEACH PLAYGROUND	SHORE PKWY & 17 AVE	2.964
Brooklyn	BENSON PLGD	BATH AVE BET BAY 22 & BAY 23 STS	0.934
Brooklyn	PARK (NELLIE BLY)	S/S SHORE PKWY, 25 AVE & BAY 41 ST	1.056
Brooklyn	BATH PLGD	BATH AVE BET 24 AVE & BAY 37 ST	1.209
Brooklyn	GRAVESEND PARK	18 TO 19 AVES, 56 TO 58 STS	6.379
Brooklyn	OCEAN PARKWAY (5.5 MILES)	PARK CIRCLE TO CONEY ISLAND CONCOURSE	140
Brooklyn	COL DAVID MARCUS MEM PLGD	OCEAN PKWY, AVE P, E 3 ST	1.974
Brooklyn	JESSE AND CHARLES DOME PLGD	N E CORNER 38 ST & DAHILL RD	1.385
Brooklyn	RAPPAPORT PLGD	FT HAMILTON PKWY, 10 AVE, 52 TO 53 STS	1.148
Brooklyn	BRIZZI PLGD	42 TO 43 STS, 10 TO NEW UTRECHT AVES	0.649
Brooklyn	ALBEMARLE PLAYGROUND	ALBEMARLE RD, DAHILL RD, MCDONALD AVE	0.918
Brooklyn	FRIENDS FIELD PARK	AVE L, E 4 ST, MCDONALD AVE, AVE M	6.7
Brooklyn	ASSER LEVY PARK & AQUARIUM	BOARDWALK, SURF, SEA BREEZE AVES, OCEAN PKWY	22.348
Brooklyn	SCARANGELLA PARK	AVE V, STILLWELL AVE, AVE U, W 13 ST	3.214
Brooklyn	LAFAYETTE PLAYGROUND	BENSON AVE, BAY 43 ST, STILLWELL AVE	1.187
Brooklyn	DREIER-OFFERMAN PARK	GRAVESEND BAY, BAY 44-BAY 49 STS, SHORE PKWY	73.14
Brooklyn	LEON S KAISER PARK	NEPTUNE, BAYVIEW AVES,W 24-W 32 STS, GRAVESEND BAY	26.257
Brooklyn	CONEY ISLAND BOAT BASIN	ISLAND CREEK & W 22 ST	36.81
Brooklyn	CONEY ISLAND BEACH & BOARDWALK	CORBIN PL TO W 37 ST	107.124
Brooklyn	BRIGHTON PLAYGROUND	W/S BRIGHTON 2 ST AT BOARDWALK	1.177
Brooklyn	POSEIDON PLGD	SURF AVE, W 25 TO W 27 STS, BOARDWALK	2.296
Brooklyn	WEST PLGD	N/S AVE Z BET WEST ST & W 1 ST	2.387
Brooklyn	NAUTILUS PLGD	PUBLIC BEACH, W 29 & W 32 STS	1.38
Brooklyn	MARLBORO PLAYGROUND	W 11 ST & AVE W	1.072
Brooklyn	GRADY PLGD	SHORE PKWY, BRIGHTON 3 ST, 4 RD	3.403
Brooklyn	LUNA PARK PLAYGROUND	SURF AVE, W 8 ST TO W 12 ST	1.8
Brooklyn	SURF PLGD	SURF AVE, W 25 & W 27 STS	1.12
Brooklyn	NEPTUNE PLGD	NEPTUNE AVE & W 12 ST	1.243
Brooklyn	ABE STARK SKATING RINK	SURF AVE, W 19 ST, BOARDWALK	4.152
Brooklyn	PARKING FIELD	SURF AVE, W 21 & W 22 STS	1.702
Brooklyn	CENTURY PLGD	W BRIGHTON AVE BET W 2 & W 3 STS	2.039
Brooklyn	CYCLONE SITE	SURF AVE, W 10 ST, PUBLIC BEACH	1.118
Brooklyn	STEEPLECHASE PARK	SURF AVE, W 16 & 19 STS, PUBLIC BEACH	11.7
Brooklyn	PARK	BAYVIEW AVE, U S PIERHEAD LINE & SEAGATE AVE	9.8
Brooklyn	PARADE GROUND	CATON, CONEY ISLAND, PARKSIDE AVES, PARADE PL	39.5
Brooklyn	MACHATE CIRCLE	SW CORNER PROSPECT PARK	4.32
Brooklyn	PAUL W KOLBERT PARK	AVE L, E 17 TO E 18 STS	1.581
Brooklyn	FLATBUSH MALLS	GLENWOOD RD BET E 23 ST, CONEY ISLAND AVE	0.73
Brooklyn	FLATBUSH MALLS	E 17 ST, FOSTER AVE TO AVE H	0.8
Brooklyn	ANDRIES PLAYGROUND	AVE K & NOSTRAND AVE	2.314
Brooklyn	DIGLIO PLAYGROUND	MCDONALD AVE & AVE F	0.826
Brooklyn	BROOKLYN MALLS	ALBEMARLE RD, BUCKINGHAM RD BET CONEY ISLAND AVE	0.766
Brooklyn	WM E KELLY MEMORIAL PARK	AVE S, E 14 & E 8 STS	3.499
Brooklyn	BILL BROWN MEMORIAL PLGD	BEDFORD AVE, AVE X TO AVE Y, E 24 ST	3.214
Brooklyn	KELLY PLAYGROUND	N/S AVE S BET BMT & PS 255	1.447
Brooklyn	LEIF ERICSON DR (SHORE PKWY)	FT HAMILTON PKWY TO KNAPP ST, CROSS BAY BLVD	760.43
Brooklyn	HOMECREST PLGD	SHORE PKWY TO WILLIAMS CT, E 12 ST	2.372
Brooklyn	MELLETT PLAYGROUND	AVE V, E 13 ST & E 14 ST	1.056
Brooklyn	PFC THOMAS NORTON MEM PLGD	NOSTRAND AVE & AVE P, KINGS HIGHWAY	0.55
Brooklyn	GALAPO PLAYGROUND	BEDFORD AVE & GRAVESEND NECK RD, AVE V, E 24 ST	0.565
Brooklyn	HERMAN DOLGON PLAYGROUND	AVE V, NOSTRAND & BATCHELDER STS	1.894
Brooklyn	ZEBRA PLAYGROUND	AVE Z, NOSTRAND AVE TO E 29 ST	2.459
Brooklyn	MCDONALD PLAYGROUND	MCDONALD AVE, BET AVES S & T	3.485
Brooklyn	MANHATTAN BEACH PARK	E/O OCEAN AVE, NORTH SHORE ROCKAWAY INLET	40.4
Brooklyn	PS 286 PLAYGROUND	AVE Y, BET BROWN & HARING STS	0.868
Brooklyn	YAK PLAYGROUND	AVE Y BET COYLE & BATCHELDER STS	3.643
Brooklyn	SHEEPSHEAD BAY PIERS	EMMONS AVENUE,E.21-26TH STREETS	1.22
Brooklyn	BETSY HEAD MEMORIAL PLGD	LIVONIA,DUMONT,HOPKINSON,BLAKE AVES, STRAUSS ST	10.555
Brooklyn	EASTERN PARKWAY EXTENSION	RALPH TO BUSHWICK AVES	2.064
Brooklyn	MARION-HOPKINSON PLAYGROUND	HOPKINSON AVE & MARION ST	0.768
Brooklyn	OCEAN HILL PLGD	BERGEN ST, ROCKAWAY AVE, DEAN ST	1.595
Brooklyn	PACIFIC PLGD	W/S HOWARD AVE, PACIFIC TO DEAN STS	2.264
Brooklyn	POWELL PLAYGROUND	SACKMAN TO POWELL STS BET GLENMORE & PITKIN AVES	1.024
Brooklyn	PLGD (CALLAHAN-KELLY)	FULTON,TRUXTON STS, VAN SINDEREN AVE,EASTERN PKWY	3.65
Brooklyn	DR RICHARD GREENE PLGD	MOTHER GASTON BLVD & SUTTER AVES	1.791
Brooklyn	VAN DYKE PLGD	DUMONT AVE, POWELL ST & MOTHER GASTON BLVD	1.398
Brooklyn	HOWARD PLGD & POOL	GLENMORE AVES & GASTON BLVD	1.212
Brooklyn	BROWNSVILLE PLGD	LINDEN BLVD, HEGEMAN & CHRISTOPHER AVES	3.017
Brooklyn	FISH PLGD	SARATOGA AVE BET HERKIMER & FULTON STS	0.984
Brooklyn	NEWPORT PLGD	NEWPORT AVE & THATFORD AVE, OSBORNE ST	0.918
Brooklyn	OSBORN PLGD	LINDEN BLVD & OSBORN ST, THATFORD AVE	2.35
Brooklyn	CHESTER PLGD	CHESTER ST, SUTTER AVE, BRISTOL ST, PITKIN AVE	1
Brooklyn	HOUSTON PLGD	POWELL ST & LIBERTY AVE, SACKMAN ST, GLENMORE AVE	0.918
Brooklyn	LIVONIA PLGD	POWELL ST, DUMONT, JULIUS, LIVONIA AVES	0.918
Brooklyn	FLOYD PATTERSON PARK	CHRISTOPHER, RIVERDALE AVES, NEWPORT ST	2.3
Brooklyn	SARATOGA BALLFIELDS	HOPKINSON BET DEAN & PACIFIC STS	1.095
Brooklyn	BROWNSVILLE I URA NEHEMIAH PK	WATKINS ST, RIVERDALE, MOTHER GASTON BLVD	1.648
Brooklyn	BROWNSVILLE I URA PARK	CHRISTOPHER ST, SUTTER AVE, BELMONT AVE	0.918
Brooklyn	PAERDEGAT PARK	FOSTER AVE & FARRAGUT RD, E 40 ST, ALBANY AVE	3.56
Brooklyn	TILDEN PLAYGROUND	TILDEN AVE, E 48 TO E 49 STS	1.19
Brooklyn	NOSTRAND PLGD	NOSTRAND & FOSTER AVES	3.023
Brooklyn	DITMAS PLGD	DITMAS AVE BET E 91 & E 92 STS	2.3
Brooklyn	HARRY MAZE MEMORIAL PARK	AVE D BET E 56 & E 57 ST	2.427
Brooklyn	KENNEDY KING PLGD	LENOX RD, CLARKSON AVE, E 93 & E 94 STS	0.79
Brooklyn	A CHIARANTANO PARK	E 45-E 46 STS, GLENWOOD TO FARRAGUT RDS	2.131
Brooklyn	M. FIDLER/WYCKOFF HOUSE PARK	E 59 ST,DITMAS AVE,CLARENDON RD	1.13
Brooklyn	AMERSFORT PARK	AVE I, 38 & 39TH STS & AVE J	3.557
Brooklyn	CANARSIE PARK	PAERDEGAT BASIN,SEAVIEW AVE,SHORE PKWY,JAMAICA BAY	132.2
Brooklyn	MARINE PARK	FLATBUSH, GERRITSEN & FILLMORE AVES, JAMAICA BAY	798
Brooklyn	REV T J CRAWFORD ATHLETIC FLD	AVE U, E 58 TO E 60 STS	2.291
Brooklyn	PARK	FRESH CREEK BASIN & SHORE PKWY TO JAMAICA BAY	2.6
Brooklyn	JOSEPH T MCGUIRE PARK	BERGEN AV AND AVE X AND AVE V	77.2
Brooklyn	FRASER SQUARE	KINGS HIGHWAY, AVE M, E 34 TO E 35 STS	0.667
Brooklyn	COMM EUGENE S SARSFIELD PLGD	E 38 ST & RYDER ST	0.563
Brooklyn	GLENWOOD PLAYGROUND	RALPH AVE & FARRAGUT RD	1.43
Brooklyn	BREUKELEN PARK	LOUISIANA & FLATLANDS AVE	16.16
Brooklyn	FOX PLAYGROUND	AVES H & I, E 54 TO E 55 STS	2.25
Brooklyn	BAYVIEW PLGD	S/S SEAVIEW AVE OPP E 99 ST	2.547
Brooklyn	WILSON PLGD	AVES J & K, E 100 TO E 101 STS	1.721
Brooklyn	POWER PLGD	AVE N & UTICA AVE	2.295
Brooklyn	J PLGD	AVES J & K, 103 & 104 STS	0.92
Brooklyn	JOFFE PARK	AVE K BET E 58 & E 59 STS	2.894
Brooklyn	ALEX LINDOWER PARK	MILL & STRICKLAND AVES	6.7
Brooklyn	HICKMAN PLAYGROUND	VETERANS AVE BET E 68 & E 66 STS	2.656
Brooklyn	BILDERSEE PLGD	FLATLANDS AVE BET E 81 & E 82 STS	1.416
Brooklyn	100% PLGD	GLENWOOD RD, E 100 & E 101 STS	1.616
Brooklyn	CURTIS PARK	S/S FOSTER AVE, E 81 & E 82 STS	1.003
Brooklyn	BERGEN BEACH PLGD	AVE T, AVE N, E 71 & E 72 STS	0.926
Brooklyn	REMSEN PLGD 	REMSEN AVE, GLENWOOD RD, E 92 ST, BAY VIEW PL	1.333
Brooklyn	FRESH CREEK PARK	FLATLANDS AVENUE, E 108 ST, LOUISIANA AVENUE	74.308
Brooklyn	FOUR SPARROW MARSH	MILL BASIN BET FLATBUSH AVE AND SHORE PARKWAY	68.5
Brooklyn	PAERDEGAT BASIN PARK	BERGEN AVE, E. 76 ST, PAERDEGAT AVENUE NORTH	160.74
Brooklyn	BARTEL-PRITCHARD SQUARE	PROSPECT PARK W AT 15 ST	1.711
Brooklyn	GRAND ARMY PLAZA	FLATBUSH AVE, EASTERN PKWY & PROSPECT PARK	11.04
Brooklyn	PROSPECT PARK	PROSPECT PK W, FLATBUSH, PARKSIDE, OCEAN AVES	526.25
Manhattan	BATTERY PARK	BATTERY PL,STATE AND WHITEHALL ST	22.895
Manhattan	BOWLING GREEN	BROADWAY & WHITEHALL ST	0.517
Manhattan	CITY HALL PARK	BROADWAY, PARK ROW & CHAMBERS ST	8.8
Manhattan	COLUMBUS PARK	BAXTER, MULBERRY, BAYARD & WORTH STS	3.14
Manhattan	THOMAS PAINE PARK	WORTH, PEARL & CENTRE STS.	2.5
Manhattan	VIETNAM VETERANS PLAZA	N/S SOUTH ST BET BROAD ST & OLD SLIP	0.728
Manhattan	COLLECT POND	LEONARD ST BET CENTRE & LAFAYETTE STS	0.994
Manhattan	GEO SOILAN PK-BATTERY PK CITY	HUDSON RIVER, LIBERTY ST & PIER A	9.573
Manhattan	PUBLIC PLACE(BATTERY PK CITY)	HUDSON RIVER S/O LIBERTY ST	1.556
Manhattan	WASHINGTON MARKET PARK	CHAMBERS, GREENWICH & WEST ST	1.61
Manhattan	PIER A	PIER A, MARGINAL ST, BATTERY PLACE	0.989
Manhattan	JAMES J WALKER PARK	HUDSON, LEROY, CLARKSON STS, 7 AVE	1.67
Manhattan	VESUVIO PLAYGROUND	THOMPSON ST, SPRING TO PRINCE STS	0.635
Manhattan	WASHINGTON SQUARE PARK	5 AVE, WAVERLY PL, W 4 & MACDOUGAL STS	9.749
Manhattan	WILLIAM PASSANANTE BALLFIELD	W HOUSTON ST, AVE OF AMERICAS, MACDOUGAL ST	0.607
Manhattan	CORPORAL JOHN A SERAVALLI PLGD	HUDSON BET GANSEVOORT & HORATIO STS	1.143
Manhattan	PUBLIC THEATRE	LAFAYETTE ST, E 4 ST, ASTOR PL	0.909
Manhattan	ALLEN ST MALL	E HOUSTON ST - E BROADWAY	2.58
Manhattan	CORLEARS HOOK PARK	JACKSON, CHERRY STS, FDR DRIVE	4.355
Manhattan	COLEMAN SQUARE PLAYGROUND	CHERRY, PIKE, MONROE STS	2.61
Manhattan	HAMILTON FISH PARK	E HOUSTON, STANTON, SHERIFF, PITT STS	4.3
Manhattan	LILLIAN D WALD PLAYGROUND	CHERRY,MONTGOMERY & GOUVERNEUR STS	0.68
Manhattan	LUTHER GULICK PLGD	COLUMBIA, DELANCEY & WILLETT STS	1.451
Manhattan	SCHIFF MALL	DELANCEY ST, BOWERY TO ESSEX ST	0.7
Manhattan	WILLIAM H SEWARD PARK	CANAL, HESTER, ESSEX, JEFFERSON STS	3.046
Manhattan	TOMPKINS SQUARE PARK	AVES A TO B, E 7 TO E 10 STS	10.502
Manhattan	SARA D ROOSEVELT PARK	E HOUSTON ST TO CANAL ST	7.85
Manhattan	RECREATION AREA (FIRST PARK)	HOUSTON ST, E 1 ST, 1 AVE	1.388
Manhattan	LITTLE FLOWER PLGD	MADISON ST OPP JEFFERSON ST	1.294
Manhattan	EAST RIVER PARK	MONTGOMERY ST TO E 12 ST, FDR DRIVE	57.457
Manhattan	BARUCH PLGD	STANTON, MARGIN STS & BARUCH PL	2.32
Manhattan	VLADECK PARK	MADISON TO WATER STS,JACKSON TO GOUVERNEUR STS	0.789
Manhattan	ALFRED E SMITH PARK	CATHERINE ST, BETW. MONROE & CHERRY STS	2.766
Manhattan	PLAYGROUND (LILLIAN WALD)	E HOUSTON ST & BARUCH DR	0.525
Manhattan	MARTIN F TANAHEY PLAYGROUND	CHERRY TO WATER STS, W CATHERINE TO MARKET SLIPS	1.254
Manhattan	HENRY JACKSON PLGD	JACKSON, MADISON, HENRY STS	0.61
Manhattan	SOL LAIN PLGD	BROADWAY, HENRY ST, SAMUEL DICKSTEIN PL	0.891
Manhattan	NATHAN STRAUS PLGD (PS 140)	N/S RIVINGTON & ATTORNEY STS	0.851
Manhattan	VEST POCKET PARK	5 ST, AVES C & D	0.681
Manhattan	DRY DOCK PLAYGROUND	SZOLD PL, E 10 ST	1.5
Manhattan	CHELSEA PARK	9 TO 10 AVES, W 27 TO W 28 STS	3.9
Manhattan	DE WITT CLINTON PARK	W 52 TO W 54 STS, 11 TO 12 AVES	5.829
Manhattan	DR GERTRUDE B KELLY PLGD	W 17 ST, 8 TO 9 AVES	0.525
Manhattan	GUTENBERG PARK	N/S W 49 ST, 9 & 10 AVES	0.551
Manhattan	PENN SOUTH PLGD	W 26, 8 TO 9 AVES	0.6
Manhattan	HELLS KITCHEN PARK	E/S 10 AVE, W 47 TO W 48 ST	0.576
Manhattan	BRYANT PARK	BET 5 & 6 AVES, W 40 & W 42 STS	9.603
Manhattan	MADISON SQUARE PARK	BROADWAY TO MADISON AVE, E 23 TO E 26 STS	6.234
Manhattan	PARK AVE CENTER PLOTS	E 34 ST TO E 40 ST, E 46 ST TO E 97 ST	6.78
Manhattan	PARK AVE CENTER PLOTS	E 34 ST TO E 39 ST & PARK AVE	0.65
Manhattan	PARK AVE CENTER PLOTS	E 47 TO E 59 STS & PARK AVE	1.58
Manhattan	UNION SQUARE	BROADWAY TO 4 AVE, E 14 ST TO E 17 STS	3.593
Manhattan	MURPHY'S BROTHER'S PLGD	AVE C, FDR DR, E 17 ST	1.275
Manhattan	ST VARTAN PARK	1 TO 2 AVES, E 35 TO E 36 STS	2.759
Manhattan	STUYVESANT SQUARE	RUTHERFORD PL TO LIVINGSTON PL, E 15 TO E 17 STS	3.928
Manhattan	PETER DETMOLD PARK	E 49 TO E 51 STS, W/S FDR DRIVE	1.339
Manhattan	FIVE PARKS (FDR DRIVE)	E 53 & E 54 STS,FOOT OF E 55, E 56, E 57, E 58 STS	0.804
Manhattan	ROBERT MOSES PLGD	1 AVE, E 41 TO E 42 STS	1.344
Manhattan	PUBLIC BATH (ASSER LEVY)	E 23 TO 25 STS, FDR DRIVE	1.837
Manhattan	HAMMARSKJOLD PLAZA	S/S E 47 ST, 1 TO 2 AVES	1.59
Manhattan	AUGUSTUS ST GAUDENS	2 AVE, E 19 TO E 20 STS	0.642
Manhattan	PETERS FIELD	E 20 TO E 21 STS, 1 TO 2 AVES	1.591
Manhattan	BELLEVUE SOUTH PARK	E 26-E28 STS, MACCARMEN (BTWN 1 & 2 AVES)	1.593
Manhattan	THEODORE ROOSEVELT PARK	CENTRAL PARK W, COLUMBUS AVE, W 77 TO W 81 STS	17.574
Manhattan	BROADWAY CENTER PLOTS	BROADWAY, COLUMBUS CIRCLE TO W 110 ST	5.605
Manhattan	SAMUEL N 2ND BENNERSON PLGD	W 64 ST BET AMSTERDAM AND WEST END AVES	0.749
Manhattan	BOOKER T WASHINGTON	S/S W 108 ST, COLUMBUS & AMSTERDAM AVES	0.517
Manhattan	ANIBAL AVILES PLGD	N/S W 108 ST, COLUMBUS & AMSTERDAM AVES	1.441
Manhattan	TECUMSEH PLGD	W 78 ST & AMSTERDAM AVE	0.738
Manhattan	FREDERICK DOUGLASS PLGD	E/S AMSTERDAM AVE BET W 100 & W 102 STS	1.945
Manhattan	HAPPY WARRIOR PLGD	W 98 ST & AMSTERDAM AVE	1.652
Manhattan	DAMROSCH PARK	AMSTERDAM AVE & W 62 ST	2.443
Manhattan	LINCOLN CENTER PLAZA	COLUMBUS AVE, W 63 ST	3.8
Manhattan	PLAYGROUND 70	W 70 ST BET WEST END & AMSTERDAM AVES	1.373
Manhattan	BLOOMINGDALE PLGD	AMSTERDAM AVE, W 104 & W 105 STS	0.715
Manhattan	SOL  BLOOM PLGD	COLUMBUS AVE, W 91 TO W 92 STS, CENTRAL PARK W	0.837
Manhattan	JOHN JAY PARK & POOL	FDR DRIVE, E 76 TO E 78 STS	3.312
Manhattan	PARK AVE CENTER PLOTS	E 59 ST TO E 96 ST & PARK AVE	4.55
Manhattan	PARK (QUEENSBORO OVAL)	W/O SUTTON PL, E 59 TO E 60 STS	1.239
Manhattan	ST CATHERINES PARK	1 AVE, E 67 TO E 68 STS	1.383
Manhattan	CARL SCHURZ PARK	EAST END AVE TO EAST RIVER, E 84 TO E 90 STS	14.938
Manhattan	24 SYCAMORES	FDR DRIVE, E 60 TO E 61 STS & YORK AVE	0.622
Manhattan	STANLEY M ISAACS PARK	FDR DRIVE, E 95 TO E 97 ST	1.227
Manhattan	MILL ROCK PARK	EAST RIVER OPP E 96 ST	8.639
Manhattan	SAMUEL SEABURY PLGD (PS 198)	LEXINGTON AVE, E 95 TO E 96 STS	0.786
Manhattan	ASPHALT GREEN	E 90 ST, YORK AVE, FDR DRIVE	4.35
Manhattan	RUPPERT PARK	SECOND AVE BET E 90 & E 91 STS	0.997
Manhattan	ANNUNCIATION PARK	CONVENT & AMSTERDAM AVES, W 135 ST	1.24
Manhattan	CARMANSVILLE PLAYGROUND	AMSTERDAM AVE, W 151 TO W 152 STS	0.573
Manhattan	ALEXANDER HAMILTON PLGD	HAMILTON PL, W 140 TO W 141 STS	0.811
Manhattan	MORNINGSIDE PARK	W 110 TO W 123 ST,MANHATTAN AVE TO MORNINGSIDE DR	29.888
Manhattan	ST NICHOLAS PARK	ST NICHOLAS AVE-ST NICHOLAS TERR, W 128-W 141 STS	22.74
Manhattan	BROADWAY CENTER PLOTS	BROADWAY, W 110 TO W 122 STS	1.701
Manhattan	BROADWAY CENTER PLOTS	BROADWAY, W 135 ST TO W 156 STS	2.198
Manhattan	RECREATION AREA	WEST 145TH ST, WEST 155 ST, HUDSON RIVER	23.3
Manhattan	SHELTERING ARMS PARK	W 126 TO W 129 STS, AMSTERDAM AVE TO OLD BROADWAY	1.43
Manhattan	PS 125 PLAYGROUND	MORNINGSIDE AVE, W 123 & W 124 STS	1.691
Manhattan	JACOB SCHIFF PLGD (PS 192)	AMSTERDAM AVE, W 136 ST	3.852
Manhattan	JACKIE ROBINSON PARK	BRADHURST & EDGECOMBE AVES,W 145 TO W 155 ST	12.772
Manhattan	COL CHARLES YOUNG TRIANGLE	7 AVE, MACOMBS PL AT W 153 ST	1.149
Manhattan	SEVENTH AVE CENTER PLOTS	7 AVE, W 110 TO W 152 STS	1.679
Manhattan	HARLEM LANE PARK PLGD	HARLEM RIVER, W 151 TO W 154 STS	1.635
Manhattan	COURTNEY CALLENDER PLGD	5 AVE, W 130 TO W 131 STS	0.653
Manhattan	FREDERICK JOHNSON PARK	7 AVE, W150-151 STS	2.445
Manhattan	FREDERICK E. SAMUEL PLGD	LENOX AVE, W 139 TO W 140 STS	0.688
Manhattan	COL CHARLES YOUNG PLGD	W 145 TO W 143 STS, LENOX AVE, HARLEM RIVER DRIVE	6.432
Manhattan	MARTIN LUTHER KING PLGD	LENOX AVE, W 113 TO W 114 STS	1
Manhattan	ST NICHOLAS PARK SOUTH	W/S 7 AVE BET W 127 & W 129 STS	0.67
Manhattan	ST NICHOLAS PARK NORTH	ADAM CLAYTON POWELL, W 130 ST	0.66
Manhattan	PS 156 HOLCOMBE RUCKER PLGD	W 155 ST, 8 AVE TO HARLEM RIVER DRIVE	3.125
Manhattan	HOWARD BENNETT PLGD	W 135 TO W 136 STS, LENOX TO 5 AVES	1.228
Manhattan	PS 194 PLAYGROUND	7 TO 8 AVES, W 143 TO W 144 STS	1.34
Manhattan	THOMAS JEFFERSON PARK	1 AVE TO FDR DRIVE, E 111 TO E 114 STS	15.524
Manhattan	MARCUS GARVEY MEMORIAL PARK	MADISON AVE, E 120 TO E 124 STS	20.165
Manhattan	RANDALLS ISLAND	EAST & HARLEM RIVERS	273.381
Manhattan	WARDS ISLAND	EAST RIVER & HELL GATE	68
Manhattan	LOUIS CUVILLIER PARK	E 125 ST, FDR DRIVE, 1 AVE, (NEW STREET)	2.752
Manhattan	PARK	E 122 TO E 125 STS, FDR DRIVE TO HARLEM RIVER	5.2
Manhattan	TRIBORO PLAZA	1 TO 2 AVES, E 124-126 STS	2.3
Manhattan	PLAYGROUND 103	FDR DRIVE & E 103 ST	1.052
Manhattan	JAMES WELDON JOHNSON PLGD	E 115 ST BET 3 & LEXINGTON AVES	1.303
Manhattan	WHITE PLGD	LEXINGTON AVE, E 105 TO E 106 STS	0.684
Manhattan	PETER MINUIT PLGD	E 108 TO E 109 STS BET PARK & MADISON AVES	0.943
Manhattan	MARX BROTHERS PLAYGROUND	2 AVE, E 96 TO E 97 STS	1.468
Manhattan	LINCOLN PLGD	S/E CORNER 5 AVE & E 135 ST	0.991
Manhattan	MOORE PLGD	MADISON AVE, E 130 & E 131 STS	0.766
Manhattan	HARLEM RIVER PARK	LEXINGTON AVE, E 128 & E 129 STS	0.883
Manhattan	HARLEM RIVER PARK	E 128 ST, 2 & 3 AVES & HARLEM RIVER DRIVE	5.756
Manhattan	CRACK IS WACK (HARLEM RIVER PARK)	E 127 ST, 2 AVE & HARLEM RIVER DRIVE	1.369
Manhattan	MAE GRANT PLGD	N/S E 104 ST, MADISON & PARK AVES	0.97
Manhattan	BLAKE HOBBS PARK	E 102 TO E 104 STS & 2 AVE	1
Manhattan	CHERRY TREE PLGD	99 TO 100 STS, 3 AVE	0.95
Manhattan	WAGNER PLGD	N/S E 120 ST BET 1 & 2 AVES	1.591
Manhattan	POOR RICHARD'S PLGD	E 109 ST BET 2 & 3 AVES	1.58
Manhattan	PS 155 PLAYGROUND	E 117 TO E 118 STS, 1 TO 2 AVES	0.834
Manhattan	EUGENE MCCABE FIELD	PARK AVE, E 120 TO E 121 STS	0.789
Manhattan	EAST RIVER PLGD	FDR DRIVE, E 106 TO E 107 STS	1.285
Manhattan	PARK (METRO NORTH-COMM GDNS)	E 100-101 STS, 1 TO 2 AVES	0.9
Manhattan	MCNAIR PARK (UNDEVELOPED)	LEXINGTON AVE BET E 122-123 STS	0.624
Manhattan	BENNETT PARK	FT WASHINGTON AVE, W 183 ST, PINEHURST AVE	1.8
Manhattan	DYCKMAN HOUSE MUSEUM	BROADWAY & W 204 ST	0.545
Manhattan	FORT WASHINGTON PARK	RIVERSIDE DR,HUDSON RIVER,W 155-W 179 STS, HH PKWY	159.992
Manhattan	FORT TRYON PARK	RIVERSIDE DR TO BROADWAY, W 192 TO DYCKMAN STS	66.627
Manhattan	GORMAN MEMORIAL PARK	BROADWAY TO WADSWORTH TERR, W 189 TO W 190 STS	1.89
Manhattan	HARLEM RIVER DRIVEWAY	W 155 ST, 10 AVE & HARLEM RIVER	35.428
Manhattan	INWOOD HILL PARK	DYCKMAN ST,HUDSON RIVER,HARLEM RIVER SHIP CANAL	196.398
Manhattan	ISHAM PARK	BROADWAY, ISHAM ST, INWOOD PK	20.095
Manhattan	MITCHEL SQUARE	BROADWAY, ST NICHOLAS AVE, W 166 TO 168 STS	0.774
Manhattan	ROGER MORRIS PARK	JUMEL TERR TO EDGECOMBE AVE, W 160 TO W 162 STS	1.524
Manhattan	PLOT	RIVERSIDE DR, FT TYRON PK NORTHERN AVE, W 186 ST	3.567
Manhattan	PLOT	E/S RIVERSIDE DR, HAVEN AVE, W 176 TO W 179 STS	1.38
Manhattan	PLOT	E/S RIVERSIDE DR, W 168 TO W 177 STS	1.494
Manhattan	J HOOD WRIGHT PARK	FT WASHINGTON & HAVEN AVES, W 173 ST	6.699
Manhattan	SHERMAN CREEK PARK	SHRMN CRK H20FT, HARLEM RVR DRVWY, 10TH AVENUE	15.06
Manhattan	CENTRAL PARK	5 AVE - CENTRAL PARK W, 59 - 110 STS	840.01
Manhattan	GRAND ARMY PLAZA	5 AVE, W 58-60 STS	0.625
Manhattan	JOAN OF ARC PARK	RIVERSIDE DR, W 91 -95 STS	1.578
Manhattan	RIVERSIDE PARK	RIVERSIDE DR TO HUDSON RIVER, W 59 ST TO CLAIR PL	266.791
Manhattan	RIVERSIDE PARK	RIVERSIDE DR, W 135 TO W 158 STS	49.6
Manhattan	SAKURA PARK	RIVERSIDE DR, CLAREMONT AVE TO W 122 ST	2.067
Manhattan	EAST RIVER ESPLANADE	FDR DRIVE, E 63 TO E 81 STS	1.828
Manhattan	ESPLANADE	E 96 TO E 122 STS	3.3
Manhattan	ESPLANADE	FDR DRIVE BET E 36 - 38 STS	0.62
Manhattan	HIGHBRIDGE PARK	W 155 & DYCKMAN STS, EDGECOMBE & AMSTERDAM AVES	118.753
Manhattan	BROADWAY CENTER PLOTS	BROADWAY, W 156 TO W 168 STS	1.139
Manhattan	MSGNR. KETT	W 204 ST BET 10 & NAGLE AVES	1
Manhattan	WRIGHT BROTHERS PARK	ST NICHOLAS AVE & W 156 ST	0.584
Manhattan	AUDUBON PLGD	AUDUBON AVE, W 169 & W 170 STS	0.656
Queens	ASTORIA PARK	ASTORIA PK S,21 ST,HOYT AVE,DITMARS BLVD,E RIVER	65.78
Queens	ASTORIA HEIGHTS PLGD	30 RD, 45 TO 46 STS	2.2
Queens	RAINEY PARK	VERNON BLVD, 33 RD, 34 ST, EAST RIVER	8.09
Queens	TRIBOROUGH BRIDGE PLAYGROUND B	HOYT AVE, 21 TO 23 STS	1.295
Queens	HOYT PLAYGROUND	HOYT AVE, 29 TO 31 STS	2.2
Queens	SITTING AREA	HOYT AVE, 19 TO 21 STS	1.16
Queens	CHAPPETO SQUARE	HOYT AVE, N FROM 21 TO 23 ST	1.226
Queens	QUEENSBRIDGE PARK	21 ST, BRIDGE PLAZA, VERNON BLVD, EAST RIVER	20.34
Queens	ST MICHAELS PARK	BROOKLYN-QUEENS EXY FROM 30 AVE	3.4
Queens	ST MICHAELS PLAYGROUND	30 TO 31 AVES & BOODY ST, BKLYN-QUEENS EXWY	5.43
Queens	ASTORIA ATHLETIC FIELD	2 ST, 26 AVE & EAST RIVER	3.622
Queens	DUTCH KILLS PLGD 	37 AVE, 28 ST, 36 AVE, CRESCENT ST	2.4
Queens	ASTORIA HOUSES PLAYGROUND (HALLETS COVE PLAYGROUND)	VERNON BLVD, EAST RIVER, HALLETS COVE, 30 AVE	5.7
Queens	PAUL RAIMONDA PLGD	47 TO 48 STS, 20 AVE	1.31
Queens	VAN ALST PLGD	29 TO 30 AVES, 14 TO 21 STS	0.895
Queens	WOODTREE PLGD	20 AVE, 37 ST, 38 ST	1.033
Queens	RAVENSWOOD  PLGD	35 AVE, 21 ST, 34 AVE	2.758
Queens	DITMARS PARK	23 AVE-DITMARS BLVD, STEINWAY ST	0.918
Queens	STEINWAY PLGD 	20 RD-20 AVE, 37-38 STS	0.804
Queens	SPIRIT PLAYGROUND (PS 76)	36 AVE BET 9 & 10 STS	0.707
Queens	ATHENS SQ 	29 ST, 30 ST, 30 AVE, NEWTOWN AVE	0.9
Queens	BROADWAY PLGD 	38 ST, 31 AVE & BROADWAY	0.582
Queens	SOCRATES SCULPTURE PARK	VERNON BLVD, BROADWAY AND 31 ROAD	1.553
Queens	GOODWILL PARK	MAIN AVE & ASTORIA BLVD	0.578
Queens	GORDAN TRIANGLE	10 ST, 44 DR, VERNON BLVD	0.8
Queens	LAWERENCE VIRGILIO PLGD	52 ST, WOODSIDE AVE, 39 RD, 39 DR, 54 ST	3.009
Queens	DOUGHBOY PLAZA	52 ST, WOODSIDE AVE, 39 RD, 39 DR, 54 ST	3
Queens	MCKENNA TRIANGLE	JACKSON AVE, THOMPSON AVE, 45 ST	1.71
Queens	NOONAN PLAYGROUND	GREENPOINT AVE, 43 ST, 47 AVE, 42 ST	1.05
Queens	ANDREWS PLAYGROUND	49 AVE, VERNON BLVD, 5 ST	0.518
Queens	HART PLGD	65 TO 69 STS, 37 AVE, BROADWAY	0.896
Queens	MURRAY PLAYGROUND	21 ST, 45 AVE, 11 ST, 45 RD	2.524
Queens	BUSH PARK	61 ST, N/S BKLYN-QUEENS EXWY	2.5
Queens	NATHAN WEIDENBAUM (LITTLE BUSH) PARK	63 ST, 48 AVE, BKLYN-QUEENS EXWY, 64 ST	0.732
Queens	LOU LODATI PLGD	SKILLMAN AVE & 43 ST	2.027
Queens	34TH AVE MALL	34 AVE, 114 ST TO 91 ST	0.55
Queens	ELMJACK MALL	75 ST, 37 AVE, ROOSEVELT AVE	0.75
Queens	GORMAN PLGD	30 AVE, 85 ST, 25 AVE, 84 ST	2.755
Queens	JUNCTION PLGD	96 ST, 34 AVE, JUNCTION BLVD	0.54
Queens	OVERLOOK PARK	DITMARS BLVD, 97-100 STS	2.327
Queens	TRAVERS PARK	34 AVE, 78 ST, 77 ST	1.919
Queens	PLAYGROUND 90	NORTHERN BLVD & 90 ST	1.3
Queens	NORTHERN PLGD	NORTHERN BLVD & 93 ST	1.9
Queens	BULOVA PARK	W/S 77 ST, N/S 25 AVE	1.502
Queens	EAST ELMHURST PLGD (PS 127)	25 AVE BET 98 & 100 STS	3.827
Queens	LA GUARDIA LANDING LIGHTS	79 ST, 25 AVE, 78 ST	0.958
Queens	LA GUARDIA LANDING LIGHTS	79 ST, 80 ST, 25 AVE	1.754
Queens	LA GUARDIA LANDING LIGHTS	81 ST, 24 AVE, 80 ST	1.607
Queens	LA GUARDIA LANDING LIGHTS	83 ST, 82 ST, ASTORIA BLVD	1.882
Queens	HINTON PARK	113 ST & 34 AVE, 114 ST & PELL AVE	3.729
Queens	LOUIS ARMSTRONG PLGD 	37 AVE BET 112 & 113 STS	1.895
Queens	VETERANS GROVE	WHITNEY AVE, JUDGE ST, 43 AVE	0.626
Queens	PARK OF THE AMERICAS	41 TO 42 AVES, 103 ST	3.076
Queens	ELMJACK MALL	75 ST, ROOSEVELT TO WOODSIDE AVE	0.5
Queens	NEWTOWN PLAYGROUND	92 ST, 56 AVE	0.703
Queens	FRANK D. O'CONNOR PLAYGROUND	BROADWAY, 78 TO 79 STS	1.537
Queens	CROWLEY PLGD	N/S QUEENS-MIDTOWN EXWY, 84 ST TO 57 AVE	1.633
Queens	HOFFMAN PARK	HOFFMAN DR., 57 AV., SEABURY ST., WOODHAVEN BLVD	2.944
Queens	C C MOORE HOMESTEAD PARK	BROADWAY, 45 AVE & 82 ST	1.978
Queens	CORONA GOLF PLGD	109 ST BET 46-47 AVES	1.722
Queens	TWU PARK	101 ST, LEWIS, STRONG, & RADCLIFF AVENUES	1.145
Queens	GROVER CLEVELAND PARK	FAIRVIEW AVE, STANHOPE ST, AND GRANDVIEW AVE	5.1
Queens	HIGHLAND PARK	HIGHLAND BLVD, JAMAICA AVE, JACKIE ROBINSON PKWY	141.28
Queens	BENNIGER PLAYGROUND	MADISON ST, BET FRESH POND RD & 60 PL	0.574
Queens	JUNIPER VALLEY PARK	DRY HARBOR RD, 80TH ST, JUNIPER BLVD N, JUNIPER BLVD S, LUTHERAN AVE	55.247
Queens	MAURICE PARK	MAURICE, BORDEN, 54 AVES, 63 ST	8.899
Queens	JHS 119	78 AVE, 74 TO 75 STS	1.38
Queens	GLENDALE PLAYGROUND	CENTRAL AVE, BETWEEN 70 AND 71 STS	1.15
Queens	STARR PLAYGROUND	ONDERDONK & WILLOUGHBY AVES, STARR ST	0.9
Queens	EVERGREEN PARK (PS 68)	FELIX & SENECA AVES	3.32
Queens	JOSEPH F MAFERA PARK	65 PL & CATALPA AVE & 68 AVE	5.4
Queens	FRONTERA PARK	58 AVE BET BROWN PL & 69 ST	1.47
Queens	ROSEMARY'S PLGD (JHS 93)	WOODWARD AVE, WOODBINE ST, FAIRVIEW AVE	1.967
Queens	REIFF PLGD	FRESH POND ROAD, 63 ST, 59 DRIVE	1.529
Queens	MACDONALD PARK (GREENSTREET)	QUEENS & YELLOWSTONE BLVDS, 70 RD	1.415
Queens	EHRENREICH-AUSTIN ST PLGD	AUSTIN ST BET 76 AVE & 76 DR	1.161
Queens	MOUNT PLGD	ALDERTON ST FROM DIETERLE TO ELWELL CRESCENTS	1.932
Queens	ANNADALE PLGD	YELLOWSTONE BLVD BET 65 RD & 65 AVE	1.013
Queens	RUSSELL SAGE PLGD	68 AVE, BOOTH TO AUSTIN STS	1.469
Queens	GRAND CENTRAL PLGD	GRAND CENTRAL PKWY BET 71 & 72 AVES	1.277
Queens	REAL GOOD PARK	HORACE HARDING EXWY, 99 ST AND 62 AVE, 102 ST	1.598
Queens	BARRIER PLAYGROUND	102 ST, 62 AVE & YELLOWSTONE BLVD	0.867
Queens	PLGD 62 (PS 220)	YELLOWSTONE BLVD BET 62 AVE & 62 RD	1.4
Queens	LOST BATTALION HALL	QUEENS BLVD BET 62 AVE & 62 RD	1.965
Queens	YELLOWSTONE MUNICIPAL PARK	YELLOWSTONE BLVD BET 68 AVE & 68 RD	1.645
Queens	HORACE HARDING PLGD (PS 20)	62 DR BET 97 PL & 98 ST	1.374
Queens	BOWNE PARK	159 ST, 29 AVE, 155 ST, 32 AVE	11.788
Queens	HERMAN A MACNEIL PARK	POPPENHUSEN AVE, COLLEGE PL, 115 ST, EAST RIVER	28.87
Queens	CLEARVIEW PARK & GOLF COURSE	22 AVE & LITTLE BAY, WILLETS POINT BLVD	103.877
Queens	POPPENHUSEN PLGD	21 AVE, 124 ST, 20 AVE, 123 ST	1.14
Queens	MARTINS FIELD PLGD	46 AVE, 165 ST, 164 ST	3.474
Queens	WEEPING BEECH / CARMAN GREEN	37 AVE, PARSONS BLVD	2.074
Queens	KISSENA PARK	OAK AVE, TO HEMPSTEAD TPKE	234.762
Queens	MEMORIAL FIELD OF FLUSHING	BAYSIDE AVE, 25 AVE, 149 TO 150 STS	10.219
Queens	HARVEY PARK	15 TO 20 AVES, E OF WHITESTONE EXWY	9.476
Queens	DANIEL CARTER BEARD SQ	NORTHERN BLVD BET MAIN ST & LINDEN PL	0.658
Queens	FRANCIS LEWIS PARK	3 AVE, 147 ST, EAST RIVER, PARSONS BLVD	16.831
Queens	MAPLE PLGD	KISSENA BLVD & MAPLE AVE	0.978
Queens	KISSENA CORRIDOR PARK	LAWRENCE ST,N HEMPSTEAD TPK,ELDER AVE,KISSENA BLVD	100.873
Queens	BOWNE PLAYGROUND	SANFORD AVE FROM UNION TO BOWNE STS	1.824
Queens	BLAND PLGD	40 RD, PRINCE & MAIN STS	0.551
Queens	PLAYGROUND TWENTY-ONE	163 TO 166 STS, 21 AVE TO 21 RD	1.43
Queens	WHITESTONE PLGD (PS 193)	152 ST BET 11 & 12 AVES	1.782
Queens	COLDEN PLGD (PS 214)	UNION ST & 31 RD	1.48
Queens	WILLETS POINT PLGD (PS 209)	166 ST BET 16 AVE & 16 RD	1.145
Queens	CLEARVIEW EXPWY	W/S CLEARVIEW EXWY, 207 ST & 26 AVE	6.05
Queens	CLINTONVILLE PLGD (JHS 194)	CLINTONVILLE ST BET 17 AVE & 17 RD	1.553
Queens	AUBONDALE PLGD	35 AVE BET 171 & 172 STS	1.315
Queens	BAY TERRACE PLGD (PS 169)	NE CORNER 212 ST & 23 AVE	0.91
Queens	HART PLAYGROUND	147 ST BET 26 & 27 AVES	1
Queens	MURRAY HILL PLGD 	MURRAY ST, BARCLAY AVE, 156 ST, SANFORD AVE	0.75
Queens	FRANK GOLDEN MEMORIAL PARK	132 TO 138 STS, 14 RD	11.124
Queens	COLLEGE POINT PARK	COLLEGE POINT BLVD & 14 AVE	0.659
Queens	POWELL'S COVE PARK	130 ST, 138 PL, 9-11 AVES	7.094
Queens	COLLEGE POINT PARK	130TH ST & 23RD AVE	27
Queens	CUNNINGHAM PARK	HORACE HARDING EXPWY, GRAND CENTRAL PKWY	358
Queens	MCLAUGHLIN PLGD	MCLAUGHLIN AVE W/O F LEWIS BLVD, GRAND CENTRAL PKWY	1
Queens	MIDLAND MALL 	HILLSIDE AVE,TO SURREY PL	1.77
Queens	CAPT TILLY MEMORIAL PARK	HIGHLAND AVE, UPLAND PKWY, GOTHIC PKWY, 85 AVE	9.16
Queens	QUEENS VALLEY PLGD (PS 164)	137 ST & 77 AVE	0.876
Queens	MANTON PLAYGROUND	VAN  WYCK  EXWY, 84  ROAD, MANTON ST, 83 AVE	5.2
Queens	FARM PLGD	73 AVE, 195 ST & 196 PL	3.757
Queens	FRESH MEADOWS PARK	HORACE HARDING BLVD BET 188 &190 STS	1.23
Queens	UTOPIA PLGD	73 AVE, JEWEL AVE, UTOPIA PKWY	2.98
Queens	KISSENA CORRIDOR PARK	PECK & UNDERHILL AVES, UTOPIA PKWY, HORACE HARDING	45.937
Queens	HOLY COW PLGD (PS 179)	HORACE HARDING BLVD, BISHOP REILLY HS, PECK AVE	2.7
Queens	FRESH MEADOWS PLGD (PS 173)	67 AVE & 173 ST	1.35
Queens	VLEIGH PLGD	70 RD TO 71 AVE, 150 ST TO KISSENA BLVD	2.066
Queens	POMONOK PLGD (PS 201)	KISSENA BLVD, 65 AVE	3.505
Queens	VLEIGH PLACE	VLEIGH PL, 141 ST & UNION TPKE	3.25
Queens	ELECTRIC  PLGD	W/S 164 ST, S/O 65 AVE	1.749
Queens	EMERALD PLGD (PS 200)	164 ST BET JEWEL & 71 AVES	2.831
Queens	PLAYGROUND SEVENTY-FIVE	75 AVE, 160 TO 162 STS	0.91
Queens	CEDAR GROVE PLGD	MAIN ST & GRAVETT RD	1.25
Queens	BRIARWOOD PLAYGROUND (JHS 217)	148 ST & 85 AVE	1.558
Queens	JOSEPH AUSTIN PLGD	S/S GRAND CENTRAL PKWY BET 164 PL & 168 ST	4.04
Queens	EQUITY PARK	88 TO 89 AVES, 90 ST, WOODHAVEN BLVD	1.657
Queens	LONDON PLANETREE PLGD	88 TO 89 STS, ATLANTIC TO 95 AVES	1.837
Queens	SMOKEY OVAL	95 AVE, 127 ST, ATLANTIC AVE, 125 ST	4.353
Queens	SITTING AREA (HOOVER)	QUEENS BLVD, VAN WYCK EXWY, HOOVER AVE	1.5
Queens	MAURICE A FITZGERALD PLGD	ATLANTIC AVE BET 104 & 106 STS	1.201
Queens	AMPERE PLAYGROUND	101 AVE BET 82 & 83 STS	1.504
Queens	POL. OFFICER EDWARD BYRNE PARK	N CONDUIT AVE, 134 ST, 135 AVE, 130 PL	4.966
Queens	JOSEPH P ADDABBO MEMORIAL PK	N CONDUIT AVE, B/W 80 AND 88 STS, 133 AVE	24.216
Queens	LORING PARK	N CONDUIT & 149 AVE	2.846
Queens	SOUTHERN PARKWAY	CROSS BAY BLVD TO BROOKVILLE BLVD	202.647
Queens	SOUTHERN PARKWAY BALLFIELDS	SOUTHERN PKWY, 114 TO 121 STS	10.866
Queens	LEFFERTS PLGD	N CONDUIT AVE, 120 TO 122 STS	1.086
Queens	P.O. NICHOLAS DEMUTIS PLGD	LIBERTY AVE, 101 TO 102 STS	1.151
Queens	FREDERICK B JUDGE MEMORIAL PLGD	111 AVE, 134 & 135 STS, LINCOLN ST	2.217
Queens	SPRING CREEK PARK ADDITION	157TH DR., 158TH AVE., SHERIDAN STREET	37.246
Queens	SHORE PARKWAY	KINGS CO LINE TO SOUTHERN PKWY	50.9
Queens	CENTREVILLE PLGD	96 ST, CENTERVILLE ST & ALBERT RD	2.086
Queens	HAROLD SCHNEIDERMAN PLAYGROUND (PS 232)	155 AVE BET 84 & 85 STS	1.13
Queens	JHS 202 / GODDARD	N CONDUIT AVE, ARION RD, 149 AVE	1.327
Queens	WALTER WARD PLGD (PS 207)	88 & 89 STS & 160 AVE	0.935
Queens	ALLEY POND PARK	LITTLE NECK BAY TO SPRINGFIELD BLVD, UNION TPKE	655.294
Queens	CLEARVIEW BEACH	LITTLE BAY, CROSS ISLAND PKWY, UTOPIA PKWY	50
Queens	CROCHERON PARK	33 TO 35 AVES, LITTLE NECK BAY	45.79
Queens	JOHN GOLDEN PARK	215 PL, S/O 32 AVE	17
Queens	SEVEN GABLES PLAYGROUND (IS 74)	S/O L I EXWY, 210 & OCEANIA STS	1.297
Queens	KENNEDY PLAYGROUND	33 AVE, 210 ST, 32 AVE, CPL KENNEDY ST	5.4
Queens	MOTOR PARKWAY	CLOVERDALE-HOLLIS CT BLVDS,KINGSBURY-RICHLAND AVES	14.049
Queens	MALL FORTY-TWO	42 AVE, BELL BLVD TO FRANCIS LEWIS BLVD	1.3
Queens	ALAMEDA MALLS	ALAMEDA AVE FROM NORTHERN BLVD TO 247 ST	0.553
Queens	BELL MALL	BELL BLVD, 48 AVE TO HORACE HARDING BLVD	1.47
Queens	SAUL WEPRIN PLGD	201 TO 202 STS BET 53 & 56 AVES	1.964
Queens	TALL OAK PLGD (PS 46)	64 AVE, 218 & 219 STS	1.408
Queens	SY SEPLOWE PLGD (PS 94)	LITTLE NECK PKWY, 42 TO 43 AVES	0.759
Queens	CHALLENGE PLGD (PS 187) 251 ST PLGD	W/S 251 ST BET 61 & 63 AVES	2.062
Queens	TELEPHONE PLAYGROUND (PS 205)	BELL BLVD, 75 AVE & 217 ST	1.056
Queens	ALLEY PARK (PS 213)	67 AVE & 230 ST	3.642
Queens	NASSAU MALL	NASSAU BLVD & LITTLE NECK PKWY	0.852
Queens	NASSAU SITTING AREA	254 ST & 57 AVE	0.792
Queens	MARIE CURIE PARK (JHS 158)	46 AVE & 211 ST	2.415
Queens	LOUIS PASTEUR PARK	52 AVE BET 248 ST & MARATHON PKWY	3.673
Queens	FRANCIS LEWIS PLGD (PS 130)	42 AVE AT FRANCIS LEWIS BLVD	1.446
Queens	PARK (BAYSIDE HS ATHLETIC FLD)	204 ST & 29 AVE, CLEARVIEW EXWY	2.69
Queens	PARK (230 ST)	230 ST BET 57 AVE & 57 RD	2.066
Queens	OAKLAND GARDENS (PS 203)	E/S SPRINGFIELD BLVD & 54 AVE	1.166
Queens	DOUGLASTON PARK GOLF COURSE	244 ST, 242 ST, 61 AVE, COMMONWEALTH BLVD, 72 AVE	104.6
Queens	UDALLS COVE PARK	NORTHERN BLVD, 244-247 STS, DOUGLAS RD	29.839
Queens	FORT TOTTEN PARK	FORT TOTTEN, CROSS ISLAND PKWY, TOTTEN RD TO 15 RD	50
Queens	BAISLEY POND PARK	N CONDUIT AVE, BAISLEY BLVD S, LAKE VIEW BLVD E	109.609
Queens	KING PARK	JAMAICA AVE, 153 ST, 89 AVE, 150 ST	11.5
Queens	MAJOR MARK PARK	HILLSIDE AVE, 173 TO 175 STS	0.9
Queens	ST ALBANS MEMORIAL PARK	MERRICK BLVD, 173 PL, SAYERS AVE	10.79
Queens	HOWARD VON DOHLEN PLAYGROUND	ARCHER AVE, 138 PL, 91 AVE, 138 ST	1.381
Queens	DANIEL M OCONNELL PLAYGROUND	113 & MURDOCK AVES, 196 ST	2.043
Queens	HARVARD PLGD	179 PL, N/O JAMAICA AVE	0.581
Queens	LIBERTY PARK	106 AVE, 173 ST, LIBERTY AVE, 172 ST	8
Queens	MARCONI PARK	109 AVE, 157 ST, 108 AVE, 155 ST	4.635
Queens	NAUTILUS PLGD	MERRICK BLVD, 120 AVE, BAISLEY BLVD	3.52
Queens	NORELLI-HARGREAVES PLGD	VAN WYCK EXWY, 106 AVE, 142 ST, 104 AVE	1.427
Queens	DR CHARLES R DREW MEMORIAL PK	VAN WYCK EXWY, 116 AVE, 140 ST, 115 AVE	6.336
Queens	PLAYGROUND ONE FORTY	VAN WYCK EXWY, ROCKAWAY BLVD, 140 ST, 120 AVE	1.37
Queens	JAMAICA PLAYGROUND	109 AV & BRINKERHOFF AVE, 160 ST & UNION HALL STS	3.21
Queens	LOCUST MANOR PLGD (PS 15)	192 ST, S/S 121 AVE	2.633
Queens	PETER'S FIELD	LIBERTY AVE, 183 PL, 104 AVE	2.872
Queens	HAGGERTY PARK	S/S JAMAICA AVE BET 202 & 204 STS	4.334
Queens	MONTBELLIER PARK	SPRINGFIELD BLVD BET EASTGATE PLAZA & 139 AVE	4.427
Queens	LATIMER PLGD	167 ST & 109 AVE	1.076
Queens	HOLLIS PLGD (JHS 192)	204 ST, HOLLIS AVE, 205 ST, 111 AVE	0.98
Queens	RAILROAD PARK	LIRR, 129 AVE, 176 ST	16.439
Queens	ROCHDALE PARK   (JHS 72)	GUY BREWER BLVD, 134 AVE	8.363
Queens	NORTH ROCHDALE PLGD (PS 30)	BAISLEY BLVD & BEDELL ST	1.053
Queens	SOUTH ROCHDALE PLGD (PS 80)	173 ST & 137 AVE	0.942
Queens	HILTON HOLIDAY GARDENS	133 TO 135 AVES, 143-145 STS	1.2
Queens	ROY WILKINS-SOUTHERN QUEENS PK	BAISLEY & MERRICK BLVDS,115 AVE	53.306
Queens	ALLEY PARK (ATHLETIC)	GRAND CENTRAL PKWY, UNION TPKE, WINCHESTER BLVD	30.5
Queens	BROOKVILLE PARK	149 AVE, 235 ST, BROOKVILLE BLVD, S CONDUIT AVE	89.946
Queens	LAURELTON PARKWAY	SUNRISE HWY TO SOUTHERN STATE PKWY	59.56
Queens	WAYANDA PARK	HOLLIS AVE & ROBARD LANE	3.16
Queens	MENTONE PLGD	SOUTHERN PKWY, 231 TO 234 STS	1.102
Queens	SPRINGFIELD PARK	149 AVE, SPRINGFIELD BLVD, 145 RD, 148 ST	23.543
Queens	LAURELTON PLAYGROUND	BROOKVILLE BLVD, S/O 136 AVE	1.785
Queens	PAT WILLIAMS PLGD	224 ST & 101 AVE	7.064
Queens	BREININGER PARK	BRADDOCK AVE & 240 ST	3.4
Queens	CROSS ISLAND PKWY	CROSS ISLAND PKWY	326.115
Queens	DELPHIN H GREENE PLGD (PS 176)	121 AVE & 237 ST	3.323
Queens	TENNEY PARK	74 AVE & 260 ST	2.948
Queens	80 PLGD	80 AVE, 261 & 262 STS	1.35
Queens	BELLAIRE PLGD	89 AVE, 207 & 208 STS	1.148
Queens	CASTLEWOOD PLGD (PS 186)	LITTLE NECK PKWY & 72 AVE	2.024
Queens	BELLEROSE PLGD	85 AVE, 248 & 249 STS	1.263
Queens	CABBELL PARK/CAMBRIA PLGD	121 AVE & 220 ST	4.635
Queens	HILLSIDE PARK (JHS 172)	82 AVE, 256 TO 257 STS	1.16
Queens	GUNN PARK (PS 18)	S/S HILLSIDE AVE, E/O 235 CT	2.709
Queens	IDLEWILD PARK	ROCKAWAY BLVD, SPRINGFIELD BLVD, 149 AVE	158.672
Queens	PS 147 PLGD	115 RD BET 218 & 219 STS	1.561
Queens	JHS 231 PLGD	SPRINGFIELD BLVD, 145 RD, ARTHUR ST	1.045
Queens	SUNRISE PLGD (PS 195)	149 RD, WELLER LANE, 149 AVE, 253 ST	1.102
Queens	CREEDMOOR FARM PARK	LITTLE NECK PKWY, COMMONWEALTH BLVD, S/O G C PKWY	47.65
Queens	PUBLIC PLACE (100 ACRES)	HUXLEY ST, HOOK CREEK BASIN, & ROCKAWAY BLVD	100
Queens	HOOK CREEK WILDLIFE SANCTUARY	ROCKAWAY AND BROOKVILLE BLVDS, HOOK CREEK BASIN	11.486
Queens	MICHAELIS-BAYSWATER PARK	BEACH CHANNEL DR, B 32 ST, DWIGHT AVE, NORTON AVE	27
Queens	MARINE PARK	116 ST, BEACH CHANNEL DR, 124 ST	12
Queens	NEPONSIT MALL	ROCKAWAY BEACH BLVD, B 142 TO B 149 STS	0.76
Queens	ROCKAWAY BEACH & BOARDWALK	OCEAN PROMENADE, ATLANTIC OCEAN,B 110 TO B 126 STS	31.5
Queens	PARK	BERT RD S/O 2 RD	2.778
Queens	ROCKAWAY BEACH & BOARDWALK	B 3 TO B 73 STS	96.921
Queens	PARKING LOT	BOARDWALK & BEACH 69 ST	2.192
Queens	PARKING LOT	BOARDWALK & BEACH 67-68 STS	1.317
Queens	PARKING LOT	BOARDWALK & BEACH 64-65 STS	1.843
Queens	PARKING LOT	BOARDWALK & BEACH 63 ST	1.313
Queens	BEACH 59TH ST PLGD	BOARDWALK & BEACH 59-60 STS	0.671
Queens	PARKING LOT	BOARDWALK, OCEAN PROMENADE, BEACH 55-59 STS	6.749
Queens	PLAYGROUND	BOARDWALK BET BEACH 42-43 STS	0.625
Queens	PLAYGROUND	BOARDWALK BET BEACH 39-42 STS	2.32
Queens	PARKING LOT	BOARDWALK BET BEACH 38-39 STS	6.01
Queens	PLAYGROUND (UNDEVELOPED)	BOARDWALK BET BEACH 26-28 STS	1.14
Queens	MALL	BOARDWALK BET BEACH 20-24 STS	0.867
Queens	O'DONOHUE PARK	BOARDWALK BET BEACH 20-17 STS	2.479
Queens	BEACH 17TH ST PLGD	BEACH 17 ST & SEAGIRT BLVD	13.75
Queens	BEACH 9 ST PLGD	BEACH 9 ST & SEAGIRT BLVD	4.863
Queens	ROCKAWAY BEACH & BOARDWALK	B 73 TO B 109 STS	68.213
Queens	ROCKAWAY BEACH & BOARDWALK	B 126 ST, B 149 ST, ATLANTIC OCEAN	14
Queens	ROCKAWAY FREEWAY	B 108 ST TO MOTT AVE, 83 ST	8.577
Queens	VETERANS PARK	CROSS BAY BLVD BET 4 & 6 RDS	0.565
Queens	WESTBOURNE PLAYGROUND	MOTT & WESTBOURNE AVES, B 25 ST	1.13
Queens	JAMAICA BAY PARK	CITY LINE & MOTT BASIN	148.035
Queens	ARVERNE PLGD	ARVERNE BLVD & B 55 ST	0.993
Queens	REDFERN PLAYGROUND	B 12 ST & REDFERN AVE	2.093
Queens	GRASSMERE PLGD	GRASSMERE TERR, BROOKHAVEN AVE, BRIAR PL	1.275
Queens	HAMMEL PLAYGROUND	B 83 ST & ROCKAWAY BEACH BLVD	1.03
Queens	ROCKAWAY COMMUNITY PARK	CONCH, SOMMERVILLE & NORTON BASINS, ALMEDA AVE	253.719
Queens	JHS 198 PLGD	BEACH CHANNEL DR BET B 56 & B 57	2.096
Queens	BAYSIDE PLGD (JHS 180)	BEACH CHANNEL DR & SEASIDE AVE	1.14
Queens	CONCH PLGD (PS 105)	BEACH CHANNEL DR & B 49 ST	1.8
Queens	BEACH CHANNEL PLGD (PS 183)	B 80-B 79 STS, BEACH CHANNEL DR	0.89
Queens	OCEAN PLAYGROUND	B 8 ST, LANETT AVE, B 9 ST	0.974
Queens	BEACH CHANNEL WEST	B 128-B 130 STS, BEACH CHANNEL DR	0.761
Queens	SEASIDE PLGD (PS 225)	ROCKAWAY BEACH BLVD, B 109-B110 STS	1.144
Queens	ALMEDA PLGD (PS 42)	B 65 ST, BEACH CHANNEL DR	1.43
Queens	ROCKAWAY GARAGE (NEW)	AMSTEL BLVD, BEACH CHANNEL DR, 74-75 STS	1.285
Queens	DUBOS POINT WILDLIFE SANCTUARY	DECOSTA AVE, B 63 ST, BAYFIELD AVE, BARBADOES DR	44.823
Queens	BROAD CHANNEL PARK	CROSS BAY BLVD, E 16-E18 RDS, CHANNEL RD	1.52
Queens	BRANT POINT WILDLIFE SANCTUARY	BAYFIELD & DECOSTA AVENUES	24.19
Queens	BROAD CHANNEL PARK	CROSS BAY PKWY BET 20TH RD AND BROAD CHANNEL	17.429
Queens	SEAGIRT AVENUE WETLANDS	SEAGIRT BLVD. BET BEACH 3RD ST. AND BEACH 5TH ST.	0.67
Queens	VERNAM BARBADOES PENINSULA	JAMAICA BAY B/W BARBADOES BASIN & VERNAM BASIN	19.97
Queens	FLUSHING MEADOWS PARK	GRAND CENTRAL PKWY, VAN WYCK EXWY	1255.421
Queens	FOREST PARK	MYRTLE AVE, UNION TPKE, PARK LANE S	538
Queens	GRAND CENTRAL PARKWAY	INTERBORO PKWY TO NASSAU CO LINE	180
Queens	GRAND CENTRAL PARKWAY EXT	INTERBORO PKWY TO ASTORIA BLVD AT 29 ST	370
Staten Island	CLARENCE T BARRETT PARK ZOO	BROADWAY, GLENWOOD PL, CLOVE RD	8.114
Staten Island	CLOVE LAKES PARK	SLOSSON AVE, VICTORY BLVD, CLOVE RD	198.05
Staten Island	FABER PARK	RICHMOND TERR TO KILL VAN KULL, FABER ST	4.25
Staten Island	HERO PARK	VICTORY BLVD, LOUIS ST, HOWARD AVE	3.024
Staten Island	WHITE PLGD	HIGH ST, LYMAN AVE, BAY & SUMMER STS	0.981
Staten Island	WALKER PARK	DELAFIELD PL, BARD & DAVIS AVES	5.278
Staten Island	VETERANS PARK	HEBERTON TO PARK AVES, BENNETT TO VREELAND STS	1.28
Staten Island	SILVER LAKE PARK	VICTORY BLVD, CLOVE RD, FOREST AVE	209.353
Staten Island	MAHONEY PLGD	BEECHWOOD AVE, CRESCENT & CLEVELAND STS	2.21
Staten Island	TAPPEN PARK	CANAL ST, WRIGHT TO BAY STS	1.777
Staten Island	WESTERLEIGH PARK	WILLARD, SPRINGFIELD, MAINE, NEAL & DOW AVES	2.889
Staten Island	MAPLE WOODS	RICHMOND RD NEAR PIERCE AVE	0.742
Staten Island	MCDONALD PLGD	FOREST AVE, MYRTLE AVE BET BET BROADWAY & BURGHER	1.357
Staten Island	DEMATTI PLGD	TOMPKINS AVE, CHESTNUT AVE & SHAUGHNESSY LANE	2.343
Staten Island	KALTENMEIER PLGD	VIRGINIA AVE, ANDERSON ST	1.02
Staten Island	HARVARD YARD	ARNOLD ST, HARVARD AVE	0.665
Staten Island	ALLISON PARK	PROSPECT, N RANDALL & BRENTWOOD AVES	9.2
Staten Island	ARTHUR VON BRIESEN PARK	FOOT OF BAY ST AT FT WADSWORTH	13.27
Staten Island	STAPLETON PLGD	TOMPKINS AVE, BROAD & HILL STS	2.92
Staten Island	NORTH SHORE ESPLANADE	RICHMOND TERR, PETERS PL, NICHOLAS ST	1.521
Staten Island	GRANDVIEW PLGD	GRANDVIEW AVE, CONTINENTAL PL	2.98
Staten Island	TERRACE PLGD	HOWARD AVE & MARTHA ST	1.937
Staten Island	CLOVE'S TAIL	LITTLE CLOVE RD & VICTORY BLVD (SOUTH SIDE OF STREET)	2.056
Staten Island	INGRAM WOODS	SI EXWY, WARWICK, PURDY & INGRAM AVES	3.77
Staten Island	MARKHAM PLGD	WILLOWBROOK PKWY, FOREST AVE & HOUSTON ST	2.938
Staten Island	NORTHERLEIGH PARK	HARROWER ST, BURNSIDE AVE, SHAW PL, NORTHA VE	4.206
Staten Island	NORTH SHORE ESPLANADE	RICHMOND TERR, BANK ST & WESTERVELT AVE	0.731
Staten Island	DAVIS PLGD	CRESCENT AVE, BISMARK CT, BEECHWOOD	1.048
Staten Island	PRALL PLGD	ELIZABETH ST,FOREST AVE,BROADWAY,CLOVE LAKES PL	1.292
Staten Island	LAWRENCE C THOMPSON MEM PARK	BROADWAY, HENDERSON AVE	10.5
Staten Island	LT NICHOLAUS LIA PLGD	N/S WALL ST, ST MARKS PL & BELMONT PL	1.37
Staten Island	JENNIFER'S PLGD	JULES DR, ELSON CT, REGIS DR	1.6
Staten Island	SAILORS SNUG HARBOR	RICHMOND TERR,TYSEN ST, KISSEL AVE, SNUG HARBOR RD	83.3
Staten Island	ALICE AUSTEN HOUSE & PARK	EDGEWATER ST, HYLAN BLVD, MARYLAND AVE	14.796
Staten Island	SKYLINE PLGD	ARNOLD ST & PROSPECT AVE BET HARVARD AV & CLYDE PL	1.844
Staten Island	EIBS POND PARK	MOSEL AVE & PALMA DRIVE	17.084
Staten Island	LUIZ LOPEZ PLGD	TARGEE ST, PALMA DR  & ODER AVE	1.068
Staten Island	ANTHONY R. GAETA PARK	WYONA AVE, WILLOW RD EAST, VICTORY BLVD	1.43
Staten Island	MANNA PARK	FOREST AVE, GOETHALS ROAD NORTH	0.85
Staten Island	SHOOTERS ISLAND	KILL VAN KULL AND NEWARK BAY	44.8
Staten Island	RICHMOND TERRACE STOREHOUSE	ALASKA ST, TAYLOR ST	0.96
Staten Island	GRANITEVILLE SWAMP PARK	GOETHALS ROAD NORTH, MEEKER AVE, MORROW ST	8.076
Staten Island	MARINER'S MARSH PARK	HOLLAND AVE & RICHMOND TERRACE	107.2
Staten Island	SOBEL COURT PARK	BOWEN ST BETWEEN SOBEL CT AND ROFF ST	0.833
Staten Island	LA TOURETTE PARK & GOLF COURSE	FOREST HILL & LONDON RDS, ROCKLAND AVE	511.05
Staten Island	FRESH KILLS PARK	VICTORY BLVD,SIGNS RD,TRAVIS AVE,ARTHUR KILL RD	813.977
Staten Island	MOHLENHOFF NURSERY ADDITION	VICTORY BLVD, SIGNS ROAD TRAVIS AVE &ARTHUR KILL	11.356
Staten Island	WILLOWBROOK PARK	RICHMOND AVE TO VICTORY BLVD	164.13
Staten Island	MIDLAND PLGD	LINCOLN, MASON, MIDLAND AVES	5.797
Staten Island	MIDLAND FIELD	MIDLAND, MASON, BEDFORD AVES	4.357
Staten Island	JHS PLAYGROUND	BOUNDARY AVE, MIDLAND AVE, LINCOLN AVE	2.685
Staten Island	SCHMUL PARK	WILD AVE, PEARSON ST	8.48
Staten Island	FDR BOARDWALK & BEACH	FT WADSWORTH TO MILLER FIELD	638.5
Staten Island	ARROCHAR PLGD	SAND LANE, MAJOR AVE, MCFARLAND AVE	1.54
Staten Island	OLD TOWN PLGD	PARKINSON AVE, KRAMER ST	2.501
Staten Island	TOAD HALL PLGD	SCHMIDTS LANE, MANOR RD & LAGUARDIA AVE	1.081
Staten Island	RICHMOND PARKWAY (9.3 MILES)	STATEN ISLAND EXWY TO PAGE AVE	984.45
Staten Island	MACARTHUR PARK	DONGAN HILLS AVE & SIRR	5.165
Staten Island	NAPLES PLGD	TARGEE ST, VENICE ST	2.904
Staten Island	FATHER MARCIS PARK	S/S OF SI EXWY, FAHY AVE, LAMBERTS LANE	12.4
Staten Island	WESTWOOD HILL PK	SI EXWY, WOODWARD, WOOLEY & WESTWOOD AVES	6.611
Staten Island	PARK	SI EXWY, MANOR RD & SCHMIDTS LANE	4.465
Staten Island	BRADYS POND PARK	SI EXWY, HYLAN BLVD, MANORVILLE CT	6.657
Staten Island	DONGAN PLGD	MASON, BUEL, DONGAN HILLS AVES	1.386
Staten Island	HIGH ROCK PARK	RICHMOND PKWY & MORAVIAN CEM AT ROCKLAND AVE	85.6
Staten Island	NEW DORP PARK	8 ST, ALLISON & BEACH AVES	0.775
Staten Island	PARK (NECK CREEK MARSH PARK)	E/S W SHORE EXWY, MEREDITH & RIDGEWAY AVES	28.645
Staten Island	S I COMMUNITY COLLEGE	RICHMOND PKWY, OCEAN TERR, TIBER PL	35
Staten Island	BASKET WILLOW SWAMP	OCEAN TERRACE, EMERSON COURT, & MERRICK AVE	48.06
Staten Island	PRALLS ISLAND	PRALLS RIVER & ARTHUR KILL	80.3
Staten Island	BLOOD ROOT VALLEY (GREENBELT)	ROCKLAND, MANOR AND BRIELLE AVES,FOREST HILL RD	113.2
Staten Island	SAW MILL CREEK MARSH	CHELSEA ROAD BET GULF AVE AND RIVER ROAD	111.721
Staten Island	STATEN ISLAND INDUSTRIAL PARK	S.I. EXPWY, MERRILL AVE, TELEPORT, SOUTH AV	226.29
Staten Island	SOUTH BEACH WETLANDS	QUINTARD ST BET QUINCY AVE & FATHER CAPODANNO BLVD	4.794
Staten Island	LAST CHANCE POND PARK	SEAVER AVE & NAUGHTON AVE BET ZOE ST & HUSSON ST.	3.903
Staten Island	OCEAN BREEZE PARK	QUINTARD ST & MASON AVE	110.398
Staten Island	CONFERENCE HOUSE PARK	PITTSVILLE ST,HYLAN BLVD,SURF,RICHARD AVES	267.465
Staten Island	AMUNDSEN CIRCLE	AMBOY RD, CLARKE AVE	1.05
Staten Island	GREAT KILLS PARK	HYLAN, FAIRLAWN TO EMMET, CEDAR GROVE TO NEW DORP	306.793
Staten Island	DUGAN PLGD	MILL RD, WEED AVE, TYSENS LANE	3.333
Staten Island	LONG POND PARK	COZZENS BLVD, CLARENDON AVE	97.059
Staten Island	WOLFE'S POND PARK	CORNELIA, HOLTEN & LUTEN AVES ON RARITAN BAY	341.33
Staten Island	CARLTON PARK	FOSTER RD & CARLTON AVE	2.249
Staten Island	GREAT KILLS VETERANS PLGD (PS 8)	HILLCREST AVE, N/O HIGHMOUNT RD	1.38
Staten Island	CLAWSON PLGD (PS 50)	ADELAIDE AVE, CLAWSON RD	1.7
Staten Island	LEMON CREEK PARK	HYLAN BLVD, SHARROTT & SEGUINE AVES	105.77
Staten Island	PRESCOTT PLGD	HYLAN BLVD, HUGUENOT, EDITH & SYCAMORE AVES	1.156
Staten Island	GREENCROFT PLGD (PS 53)	REDGRAVE, GREENCROFT STS, AINSWORTH & DURANT AVES	2.8
Staten Island	DOUBLE NICKEL PLGD	PRESTON AVE, KOCH BLVD, ARDEN RD & OSBORNE ST	1.666
Staten Island	PARK	RICHMOND PKWY, CARLTON & VERNON AVES	0.883
Staten Island	GREENSTREET	DRUMGOOLE RD WEST, DARLINGTON & NIPPON AVES	0.735
Staten Island	IDA COURT PARK	RICHMOND PKWY, IDA COURT, N RAILROAD AVES	2.02
Staten Island	PARK	RICHMOND PKWY, HUGUENOT & HEENAN AVES	6
Staten Island	PARK	RICHMOND PKWY, ALBEE & IONIA AVES	0.643
Staten Island	PARK	RICHMOND PKWY, RATHBUN AVE, CARLTON AVE	0.636
Staten Island	GENESEE PARK	RICHMOND PKWY, ANNADALE RD, GENESEE AVE	3.306
Staten Island	S SHORE COUNTRY CLUB (PARK)	S/S W SHORE EXWY, HUGUENOT & ALVERSON AVES	174.847
Staten Island	BLOOMINGDALE PARK	RICHMOND PKWY, BLOOMINGDALE RD, LENEVAR AVE	138.67
Staten Island	JOLINE POOL PLGD	JOLINE AVE, HYLAN BLVD	1.377
Staten Island	BLUE HERON PARK PRESERVE	AMBOY RD, BARCLAY AVE, HYLAN BLVD & BERTRAM AVE	234.458
Staten Island	PARK (ARDEN HEIGHTS WOODS)	ARTHUR KILL RD, ARDEN AND LEGATE AVES	183
Staten Island	CHRISTOPHER J. SIEDENBURG  PARK	GREAVES AVE, DEWEY AVE, & EVERGREEN ST	22.692
Staten Island	HUGENOT PONDS PARK	BILLIOU & COMELY STS B/W HUGENOT & KINGDOM AVES	32.73
Staten Island	BUNKER PONDS PARK	HYLAN BLVD B/W ARBUTUS, HUGENOT & SHORE AVES	32.73
Staten Island	ARBUTUS WOODS PARK	EYLANDT ST, STECHER ST & COLON ST	2.65
Staten Island	GREAT KILLS PARK	HYLAN BLVD, BET. RETFORD AVE. AND TENNYSON DR.	67.6
Staten Island	HYBRID OAKS WOODS PARK	SURF & JOLINE AVES	9.6
Staten Island	BAYVIEW TERRACE PARK	BARCLAY AV, BAYVIEW TERR, HOLDRIGE AV	19.29
Staten Island	KINGDOM POND PARK	HYLAN BLVD, JANSEN ST, KINGDOM AVE	4.368
Staten Island	TOTTENVILLE SHORE PARK	ARTHUR KILL RD, BENTLEY ST, HOPPING AVE	9.181
Staten Island	ISLINGTON POND PARK	MILES, CORBIN, BARLOW AVES, FAIRFIELD STLD ST	23.01
Staten Island	NELSON AVE WATERFRONT PARK	NELSON AVE, TENNYSON DR & BULKHEAD LINE	2.84
Staten Island	ISLE OF MEADOWS	ARTHUR KILLS NEAR FRESH KILLS MEADOW	100.5
Staten Island	WILLOWBROOK PKWY (4.5 MILES)	VICTORY BLVD TO GREAT KILLS PARK	306.805
Bronx	PULASKI PARK	WILLIS AVE, BRUCKNER BLVD, E 132 ST, WILLIS AVE BR	1.43
Bronx	ST MARY'S PARK	ST MARYS ST, ST ANNS AVE, E 149 ST, JACKSON AVE	35.311
Bronx	PEOPLE'S PARK	BROOK AVE, ST ANNS AVE, E 141 ST	1.949
Bronx	GARRISON PLAYGROUND	E 146 ST, WALTON AVE, GRAND CONCOURSE 	0.696
Bronx	MOTT HAVEN HLTH CTR SIT AREA	E 140 ST, ALEXANDER AVE	0.906
Bronx	LOZADA PLAYGROUND	E 135 ST, ALEXANDER & WILLIS AVES 	1.05
Bronx	PLGD ONE THIRTY FOUR CXXXIV	BRUCKNER BLVD, CYPRESS AVE, E 133 & E 134 STS	2.05
Bronx	FLYNN PLAYGROUND	E 157 ST, 3 AVE, E 158 ST, BROOK AVE 	0.82
Bronx	MELROSE PLAYGROUND	COURTLANDT AVE, E 153-E 156 STS	1.001
Bronx	PATTERSON PLAYGROUND	MORRIS AVE, E 148 ST, COLLEGE AVE,  E 145 ST 	2.784
Bronx	MILLBROOK PLAYGROUND	N/S OF E 135 ST BET ST ANNS AND CYPRESS AVES	1.053
Bronx	CAPT RIVERA PLAYGROUND	FOREST AVE, E 156 ST	0.988
Bronx	CLARK PLAYGROUND	3 AVE, E 144 TO E 145 STS 	0.722
Bronx	PONTIAC PLAYGROUND	E 149 ST, CONCORD AVE, JACKSON AVE 	0.913
Bronx	PS 1 & ALFRED E SMITH HS PLGD	E 153 ST, COURTLANDT AVE, E 151 ST, MORRIS AVE	3.564
Bronx	ABIGAIL PLAYGROUND	TINTON AVE, E 156 ST	0.529
Bronx	WILLIS PLAYGROUND	E 139 ST, E 140 ST, WILLIS & ALEXANDER AVES	0.9
Bronx	I AM PARK	E 147 ST, JACKSON AVE, E 144 ST, ST MARYS PK	0.712
Bronx	FOUNTAIN OF YOUTH PLAYGROUND	UNION AVE, E 150 ST, TINTON AVE &  E 152 ST	1.375
Bronx	GROVE HILL PLAYGROUND	E 158 ST, EAGLE AVE, CAULDWELL AVE, E 156 ST	1.186
Bronx	SAW MILL PLAYGROUND	E 139 & E 140 STS, BROOK & WILLIS AVES 	0.92
Bronx	BROOK PARK	BROOK AVE, E 140 TO E 141 STS	0.76
Bronx	RANAQUA PARK	WILLIS AVE, BROWN PLACE, E. 135, E. 136TH STS.	1.044
Bronx	ST. LUKE'S PLAYGROUND	E. 137TH & E. 138TH ST & CYPRESS AVE	0.744
Bronx	JOSEPH RODMAN DRAKE PARK	LONGFELLOW, OAK PT, HUNTS PT AVES, DRAKE PK S	2.49
Bronx	LYONS PLAYGROUND	ALDUS ST, BRYANT, LONGFELLOW AVES, BRUCKNER BLVD	1.322
Bronx	HUNTS POINT PLAYGROUND	HUNTS POINT RD, SPOFFORD AVE, FAILE ST	0.717
Bronx	REV POLITE PLAYGROUND	INTERVALE AVE, REV. JAMES POLITE AVE, N/S E 167 ST	1.815
Bronx	DAWSON PLAYGROUND	INTERVALE AVE, ROGERS PL, DAWSON ST	0.945
Bronx	PLAYGROUND FIFTY-TWO	LEGGETT AVE, KELLY ST, AVE ST JOHN	1.772
Bronx	TIFFANY PLAYGROUND	FOX ST, E 167 ST, TIFFANY ST	1.205
Bronx	STEBBINS PLAYGROUND	REV JAMES A POLITE AVE & 164 ST	0.83
Bronx	FOX PLAYGROUND	S/E CORNER FOX ST, E 156 ST	0.94
Bronx	BANANA KELLY PARK	W/S BECK ST, N/S INTERVALE AVE	0.61
Bronx	BILL RAINEY MEMORIAL PARK	DAWSON & BECK STS., INTERVALE & LONGWOOD AVES	7.5
Bronx	HOE AVENUE TENNIS COURTS	HOE AVE, ALDUS ST, E 165 (BANCROFT) ST	1.341
Bronx	TIFFANY ST PIER	TIFFANY ST, VIELE AVE, ON EAST RIVER	4.231
Bronx	CROTONA PARK	FULTON AVE, CROTONA PK N,S,E	127.5
Bronx	HYLAN PARK	CROTONA PARK NORTH, E. 175TH ST & SOUTHERN BLVD	3.7
Bronx	DREW PLAYGROUND	FULTON AVE, BET E 169 & E 170 STS	0.94
Bronx	RAILROAD PARK	E 161 ST TO E 162 ST, COURTLANDT AVE TO NYCRR	0.732
Bronx	DANIEL BOONE PLAYGROUND	BOONE AVE & WEST FARMS RD	1.2
Bronx	BEHAGEN PLAYGROUND	E 166 ST, UNION AVE, TINTON AVE	3.348
Bronx	DUNBAR PLAYGROUND	E 161 ST, TRINITY AVE, E 163 ST, CAULDWELL AVE	1.44
Bronx	MORGAN PLAYGROUND	E 168 ST, PARK AVE, WASHINGTON AVE	0.782
Bronx	GOUVERNEUR PLGD	3 AVE, ST PAULS PL, WASHINGTON AVE	0.977
Bronx	ROCKS & ROOTS PARK	N/W CORNER FULTON AVE & E 166 TO E 167 STS ALSO THIRD AVE	0.903
Bronx	ROCK GARDEN COMMUNITY PARK	LONGFELLOW AVE, E.173 & E. 174 STS.	0.92
Bronx	CLAREMONT PARK	TELLER, MORRIS, MT EDEN AVES, E 170 ST	38.536
Bronx	JOYCE KILMER PARK	WALTON AVE, E 161-E 164 STS, GRAND CONCOURSE	6.882
Bronx	MACOMBS DAM PARK	HARLEM R, JEROME,RIVER AVES, RUPPERT PL, E 157 ST	12.06
Bronx	JOHN MULLALY PARK	JEROME AVE, MCCLELLAN ST, RIVER AVE, E 162 ST	18.516
Bronx	FRANZ SIGEL PARK	NYCRR, WALTON AVE, E 158 ST, GRAND CONCOURSE	15.99
Bronx	MOUNT EDEN MALLS	MT EDEN PKWY, WALTON AVE, WEEKS AVE	1.682
Bronx	JEROME SLOPE	W 165 ST, JEROME & ANDERSON AVES	0.764
Bronx	MOTT PLAYGROUND	MORRIS TO COLLEGE AVES, E 166-E 167 STS 	1.49
Bronx	HIGHBRIDGE PARK	W 170 ST, UNIVERSITY AVE & HIGHBRIDGE	0.82
Bronx	CROSS BRONX EXWY (6.2 MILES)	WASHINGTON BRIDGE TO THROGS NECK BRIDGE	15.085
Bronx	PLIMPTON PLAYGROUND	EDWARD L GRANT HWY, PLIMPTON AVE	1
Bronx	BRIDGE PLAYGROUND	BOSCOBEL PL, UNIVERSITY AVE, W 171 ST	0.61
Bronx	PARK GRASS AREA	WALTON AVE, E 174 ST, BELOW GRAND CONCOURSE	0.55
Bronx	MERRIAM PLGD	UNIVERSITY, MERRIAM AVES, W 168 ST, OGDEN AVE	2.944
Bronx	NELSON PLAYGROUND	W 166 ST, NELSON AVE &  WOODYCREST AVE 	1.148
Bronx	ARCILLA PLAYGROUND	PARK, CLAY, TELLER AVES, E 164 ST	1.377
Bronx	YANKEE STADIUM	E 161 ST, RIVER AVE, E 157 ST, RUPPERT PL	16.4
Bronx	PARKING LOT	RIVER & GERARD AVES BET E 164-165 STS	1.194
Bronx	HIGHBRIDGE REC CENTER & PARK	W 172 ST,BET NELSON AVE, JESUP STREET	1.88
Bronx	CORPORAL IRWIN FISCHER PARK	NELSON, SHAKESPEARE AVES. W. 169, W. 170TH STS.	0.57
Bronx	GRANT AVENUE PARK	GRANT AVE, MORRIS AVE, E. 169, E. 170TH STS.	3.85
Bronx	AQUEDUCT WALK	E. BURNSIDE AVE, UNIVERSITY AVE, MORTON PL, HARRISON AVE	8.607
Bronx	JULIUS RICHMAN PARK	E TREMONT, E BURNSIDE, VALENTINE AVES	4.385
Bronx	UNIVERSITY WOODS	SEDGWICK TO CEDAR AVES, N/O W 180 ST	3.306
Bronx	UNIVERSITY MALLS	UNIVERSITY AVE, W TREMONT AVE,  W 174ST	1.01
Bronx	SLATTERY PLAYGROUND	RYER AVE,VALENTINE AVE & E 183 ST 	0.911
Bronx	WASHINGTON BRIDGE PARK	HARLEM R, W 174 ST, NYCRR, HAMILTON BRIDGE	3.4
Bronx	CEDAR PLAYGROUND	CEDAR AVE, W 179 ST, SEDGWICK AVE 	1.261
Bronx	SEDGWICK PLAYGROUND	UNDERCLIFF AVE, CROSS BRONX EXWY 	1.054
Bronx	MOUNT HOPE PLAYGROUND	E. 177 ST & WALTON AVE	0.7
Bronx	CLEOPATRA PLAYGROUND	ANTHONY AVE & PROSPECT PL	0.618
Bronx	GALILEO PARK	MACOMBS ROAD AND W. 176 ST	0.714
Bronx	NELSON AVENUE FAMILY PARK	NELSON AVE BET FEATHERBED LANE & W 174 ST	0.61
Bronx	BRONX PARK	SOUTHERN BLVD,WEBSTER,BURKE AVES,BRONX PK E,180 ST	718.1
Bronx	TREMONT PARK	FULTON, E TREMONT & ARTHUR AVES	15
Bronx	CROTONA PARKWAY MALLS	FROM CROTONA PKWY TO BRONX PARK (EAST SIDE)	8.75
Bronx	ROSE HILL PARK	WEBSTER AVE, HARLEM RR, E FORDHAM RD	0.83
Bronx	SGT. JOHNSON TRIANGLE	FORDHAM ROAD, SOUTHERN BLVD., CROTONA AVENUE	0.74
Bronx	CICCARONE PARK	ARTHUR AVE, E 188 ST, HUGHES AVE 	0.553
Bronx	BELMONT PLAYGROUND	E 181, E 182 STS, CROTONA & BELMONT AVES 	2.213
Bronx	PARK UNDER CROSS BRONX EXWY	E 175 ST, WASHINGTON & BATHGATE AVES	0.897
Bronx	PARK (POLICE USE AS PRKG LOT)	E 175 ST, BATHGATE AVE, 3 AVE	0.511
Bronx	PARK (POLICE USE AS PRKG LOT)	CROSS BRONX EXWY, WASHINGTON AVE, PARK AVE	0.592
Bronx	PARK	CROSS BRONX EXWY, WEBSTER AVE, PARK AVE	0.759
Bronx	ADMIRAL FARRAGUT PLAYGROUND	E 176 ST, CROTONA AVE	1.359
Bronx	PROSPECT PLAYGROUND	CLINTON AVE, E 176 ST, PROSPECT AVE	0.711
Bronx	WEBSTER  PLAYGROUND	PARK AVE, E 188 ST, WEBSTER AVE 	0.744
Bronx	PARK	E/S WASHINGTON AVE, BATHGATE AVE, E 181-E 182 STS	2.5
Bronx	QUARRY ROAD BALLFIELDS	QUARRY ROAD, E 181 ST, OAK PL & HUGHES AVE	4.7
Bronx	VIDALIA PARK	VYSE & DALY AVES BET W 179-180 STREETS	2.136
Bronx	WASHINGTON PARK	E. 183 ST B/W WASHINGTON & PARK	0.516
Bronx	BRONX RIVER PARK	E. 179 ST @ BRONX RIVER	0.505
Bronx	MAPES AVENUE BALLFIELD	MAPES AVE, E.180 &E.181 STS, PROSPECT AVE	1.606
Bronx	AQUEDUCT WALK	W. 179 ST AQUEDUC BET W KINGSBRIDGE RD & W FORDHAM RD	4.926
Bronx	DEVOE PARK	W FORDHAM RD,WEBB AVE,FR ZEISER PL,UNIVERSITY AVE	5.44
Bronx	MOSHOLU PARKWAY (2.MILES)	BRONX PK,WEBSTER AVE,GRAND CONC,VAN CORTLANDT PK	80.936
Bronx	POE PARK	GRAND CONCOURSE, E KINGSBRIDGE RD, E 192 ST	2.331
Bronx	ST JAMES PARK	JEROME AVE, E 193 ST, CRESTON AVE, E 191 ST	11.39
Bronx	WILLIAMSBRIDGE OVAL	VAN CORTLANDT AVE E,BAINBRIDGE AVE,RESERVOIR OVAL	19.749
Bronx	HARRIS PARK	GOULDEN AVE, W 205 ST, PAUL AVE, BEDFORD PK BLVD	15.32
Bronx	JEROME PARK	GOULDEN AVE, NORTH OF 205TH ST	4.359
Bronx	PARK STRIP	E/S MAJ DEEGAN EXWY, FORDHAM RD, CEDAR AVE	0.667
Bronx	FORDHAM LANDING PLAYGROUND	LANDING RD, JUST OFF FORDHAM RD	4.05
Bronx	RIVERBEND PLAYGROUND	KINGSBRIDGE RD, BAILEY AVE, HEATH AVE	0.689
Bronx	MOSHOLU PLGD (PS 8)	MOSHOLU PKWY, BAINBRIDGE AVE 	0.753
Bronx	EWEN PARK	JOHNSON AVE, W 232 ST, RIVERDALE AVE	7.84
Bronx	FORT INDEPENDENCE PLAYGROUND	SEDGWICK AVE & GILES PL 	3.02
Bronx	OLD FORT #4 PARK	S/S RESERVOIR AVE BET SEDGWICK & STRONG AVES	4.637
Bronx	BRUST PARK	W 242 ST, MANHATTAN COLLEGE PKWY & WALDO AVE	1.79
Bronx	HENRY HUDSON PARK	PALISADE AVE, KAPPOCK ST & INDEPENDENCE AVE	8.972
Bronx	SPUYTEN DUYVIL SH0OREFRONT PARK	PALISADE AVE, JOHNSON AVE, EDSALL AVE	6.6
Bronx	HENRY HUDSON PKWY (11 MILES)	HARLEM RIVER-SAW MILL PKWY AT CITY LINE	54.1
Bronx	HACKETT PARK	W 254 ST, RIVERDALE AVE, HENRY HUDSON PKWY	1
Bronx	PHYLISS POST GOODMAN PARK	NORTH SIDE KAPPOCK ST & EASTSIDE HENRY HUDSON PKWY	0.5
Bronx	GREENSTREET	W 230-231 STS & HENRY HUDSON PKWY	0.5
Bronx	BELL TOWER PARK	W 239 ST & HENRY HUDSON PARK	0.5
Bronx	PLAYGROUND	BAILEY & 234 ST	2.5
Bronx	RIVERDALE PARK	HUDSON RIVER, W 254 ST, PALISADE AVE, W 232 ST	97.19
Bronx	CONRAD GRAUER FIELD	W 233 RD, W 234 ST, BAILEY AVE	1.274
Bronx	BAILEY PLGD	W 234 ST, BAILEY AVE, W 238 ST	3.533
Bronx	VINMONT VETERAN PLGD	W 254 ST, RIVERDALE & MOSHOLU AVES	2.9
Bronx	SPUYTEN DUYVIL PLGD	DOUGLAS AVE, W 235 & W 236 STS	1.847
Bronx	RIVERDALE PLAYGROUND	W 236 & 237 STS, INDEPENDENCE AVE & HUDSON MANOR TERRACE	2.256
Bronx	SETON HOSPITAL SITE	W 232 ST,INDEPENDENCE AVE,W 235 ST,PALISADE AVE	11.689
Bronx	MARBLE HILL PLGD	MARBLE HILL AVE BET W 228 & W 230 STS	1.646
Bronx	PERKINS GARDENS	W 248 ST,INDEPENDENCE AVE,W 252 ST,PALISADE AVE	20.867
Bronx	RAOUL WALLENBERG PARK	PALISADE AVE, DOUGLAS AVE, W235 & W236 STS	4.73
Bronx	BRONX RIVER PARKWAY	LAFAYETTE AVE, BRONX PARK, BURKE AVE, CITY LINE	202.36
Bronx	CASTLE HILL PARK	HART ST, CASTLE HILL AVE, WESTCHESTER, PUGSLEYS CR	4.26
Bronx	OWEN DOLEN GOLDEN AGE CENTER	E TREMONT, WESTCHESTER, LANE AVES	1.4
Bronx	HUGH GRANT CIRCLE	E 177 ST, WESTCHESTER AVE, VIRGINA AVE	1.11
Bronx	PUGSLEY CREEK PARK	FOOT OF SOUNDVIEW AVE, EAST RIVER	77.835
Bronx	SOUNDVIEW PARK	BRONX R, LAFAYETTE, METCALF, BRONX RIVER AVES	196.141
Bronx	NOBLE PLAYGROUND	E 179 ST, NOBLE & BRONX RIVER AVES	3.63
Bronx	WATSON GLEASON PLAYGROUND	NOBLE, GLEASON, ROSEDALE, WATSON AVES	3.301
Bronx	STARLIGHT PARK	E 172 TO E 174 STS, BRONX R EXWY, BRONX RD	14.13
Bronx	VIRGINIA PARK	WHITE PLAINS RD, WESTCHESTER AVE, CROSS BX EXWY	0.918
Bronx	OLMSTED TRIANGLE	N/S CROSS BRONX EXWY, ELLIS & OLMSTEAD AVES	0.52
Bronx	P.O. SERRANO PLGD	OLMSTEAD, TURNBULL, CASTLE HILL, LAFAYETTE AVES	2.618
Bronx	174TH ST PLGD	E 174 ST, BRONX RIVER AVE	1
Bronx	CASERTA PLGD	ST RAYMOND AVE, PURDY ST, ODELL ST	1
Bronx	THE PEARLY GATES	TRATMAN & ST PETERS AVES	0.659
Bronx	TAYLOR PLGD	THERIOT AVE, GUERLAIN ST, TAYLOR AVE	1.578
Bronx	CASTLE HILL PLGD	CASTLE HILL AVE, PARKER ST	1.368
Bronx	COLGATE CLOSE	N/S BRUCKNER EXWY AT CLOSE & COLGATE AVES	1.871
Bronx	RANDALL PLGD	RANDALL AVE, CASTLE HILL AVE, OLMSTEAD AVE	1
Bronx	STORY PLGD	THERIOT AVE, STORY AVE, TAYLOR AVE	2.075
Bronx	BLACK ROCK PLAYGROUND	PUGSLEY AVE, BLACKROCK AVE, WATSON AVE	1.186
Bronx	SPACE TIME PLGD	LAFAYETTE, BOLTON, UNDERHILL AVES	0.831
Bronx	PARK	ZEREGA, COMMERCE, GLEASON, & POWELL AVES	1.707
Bronx	HARDING PARK	UNDERHILL & GILDERSLEEVE AVES, WHITEPLAINS RD & O'BRIEN	2.16
Bronx	HUTCHINSON RIVER PARKWAY	WHITESTONE BRIDGE APPROACH TO CITY LINE	299.14
Bronx	BUFANO PLGD	BRADFORD, EDISON, LA SALLE, WATERBURY AVES	1.904
Bronx	COLUCCI PLGD	WILKINSON & MAYFLOWER AVES	4
Bronx	FERRY POINT PARK	WESTCHESTER CR, SCHLEY, EMERSON AVES, EAST RIVER	413.8
Bronx	BRUCKNER PLGD	BRINSMADE AVE AND CROSS BRONX EXPWY	1.053
Bronx	BICENTENNIAL VETERANS MEM PARK	E/S THROGS NECK, ELLSWORTH AND SCHLEY AVE	9.256
Bronx	PARK (CO-OP CITY BALLFIELDS)	CO-OP CITY BLVD, BELLAMY LOOP, HUTCHINSON RIVER	3.4
Bronx	AMBROSINI FIELD	E/S CITY ISLAND AVENUE AT CENTRE ST	6.1
Bronx	GIVANS CREEK WOODS PARK	CO-OP CITY BLVD., ROMBOUTS AVE, NEW ENGLAND THWY	10.735
Bronx	CITY ISLAND WETLANDS	BAY ST, TIER ST, EASTCHESTER BAY	8.005
Bronx	BRONX & PELHAM PKWY(2.5 MILES)	BRONX PARK TO PELHAM BAY PARK	109.46
Bronx	ZIMMERMAN PLAYGROUND	BARKER AVE, BRITTON ST & OLINVILLE AVE	0.974
Bronx	SAMUEL H YOUNG PARK	E TREMONT AVE, WESTCHESTER AVE	1.285
Bronx	EASTCHESTER  PLGD	ADEE & TENBROECK AVES	1.025
Bronx	MAZZEI PLGD	MACE AVE & WILLIAMSBRIDGE RD	1.59
Bronx	PARKSIDE PLAYGROUND	ARNOW AVE, OLINVILLE AVE	0.817
Bronx	LORETO PARK	MORRIS PARK, TOMLINSON, VAN NEST & HAIGHT AVES	2.181
Bronx	ALLERTON PLGD	ALLERTON AVE, STEDMAN PL, BOUCK AVE, THROOP AVE	1.597
Bronx	MATHEW  MULINER PLGD	MORRIS PARK AVE, MULINER AVE, MATTHEWS AVE	1.02
Bronx	BURNS PLGD	MACE, LODOVICK & GUNTHER AVES	1.623
Bronx	PELHAM BAY LITTLE LEAGUE PARK	WESTCHESTER AVE, E TREMONT AVE, LITTLE LEAGUE PL	1.26
Bronx	SETON FALLS PARK	E 233 ST, SETON AVE, PRATT AVE, EDEN TERRACE	35.771
Bronx	WILLIAMSBRIDGE SQUARE	WHITE PLAINS RD, E 212 ST, GUN HILL RD	1.395
Bronx	RIENZI PLAYGROUND	WHITE PLAINS RD, E 226 ST, BARNES AVE,  E 225 ST	1.53
Bronx	GUN HILL  PLAYGROUND	HOLLAND AVE, MAGENTA ST, CRUGER AVE	0.716
Bronx	EDENWALD PLAYGROUND	SCHIEFFELIN AVE & E 229 ST	2.537
Bronx	AGNES HAYWOOD PLAYGROUND	E 215 ST, BARNES AVE, E 216 ST	1.32
Bronx	GIVAN SQUARE (3 TRANGLES)	GUN HILL RD, EASTCHESTER RD, ADEE AVE	1.82
Bronx	WAKEFIELD PLGD	E 240 ST, MATILDA & CARPENTER AVES	0.877
Bronx	STARS & STRIPES PLGD	CRAWFORD AVE, BAYCHESTER AVE	3.122
Bronx	HAFFEN PARK	HAMMERSLY, ELY, BURKE, GUNTHER AVES	9.238
Bronx	MAGENTA PLGD	ROSEWOOD & MAGENTA STS, OLINVILLE AVE	1.205
Bronx	VAN CORTLANDT PARK	BROADWAY,JEROME AVE,CITY LINE,VAN CORTLANDT PK S	1146.43
Bronx	PELHAM BAY PARK	BRUCKNER BLVD, EASTCHESTER, HUTCHINSON	2766.05
